url,sha256,fetched_at,county,year,doc_type,local_path,http_status,content_type,bytes,note
https://www.co.hunterdon.nj.us/DocumentCenter/View/12466/UnOfficial-School-Board-Candidates-2023-filed-candidates-PDF,a8c397cbec1d1ad51cf484543d8b87a4eecd81957709f5507a60773ecd09966a,2026-09-19T12:05:49+00:00,hunterdon,2023,candidate_list,cache/hunterdon/2023/school-board-candidates.pdf,200,application/pdf,182330,
https://www.co.hunterdon.nj.us/DocumentCenter/View/15174/UnOfficial--School-Board-Candidates-2024-PDF,e5ca9e9cbd5f7d11d73d8c944335511bbe95ea5dabcc12b39a90d5d5eacc1cb1,2026-09-19T12:05:51+00:00,hunterdon,2024,candidate_list,cache/hunterdon/2024/school-board-candidates.pdf,200,application/pdf,225165,
https://www.co.hunterdon.nj.us/DocumentCenter/View/17067,432da6c95e79d76c30904382e7c2e6c63600054aef2d2f4a80bebe944e37d70d,2026-09-19T12:05:52+00:00,hunterdon,2025,offices_notice,cache/hunterdon/2025/offices-up-notice.pdf,200,application/pdf,144047,
https://www.co.hunterdon.nj.us/DocumentCenter/View/17436/UnOfficial-School-Board-Candidates-2025-PDF,2c139cbdff3010a38cae2b106d998b42f668b910ea6c5b8574df1705d644e994,2026-09-19T12:05:53+00:00,hunterdon,2025,candidate_list,cache/hunterdon/2025/school-board-candidates.pdf,200,application/pdf,218422,
https://www.co.hunterdon.nj.us/DocumentCenter/View/20403/UnOfficial-School-Board-Candidates-2026-PDF,62c5e22a76977e7e95e55fdb6eca9c471d219c22eaece0d721f561fce1b8df49,2026-09-19T12:05:55+00:00,hunterdon,2026,candidate_list,cache/hunterdon/2026/school-board-candidates.pdf,200,application/pdf,201736,
https://www.essexclerk.com/_Content/pdf/Elect%20Information/Essex-Sample-Ballots-2022g-Alphabetical.pdf,,2026-09-19T12:05:56+00:00,essex,2022,sample_ballot,,404,text/html,,
https://www.essexclerk.com/_Content/pdf/Essex-Sample-Ballots-General-Election.pdf,,2026-09-19T12:05:57+00:00,essex,2023,sample_ballot,,404,text/html,,
https://www.essexclerk.com/_Content/pdf/Essex-2025-General-Election-Sample-Ballots.pdf,,2026-09-19T12:05:58+00:00,essex,2025,sample_ballot,,404,text/html,,
https://www.essexclerk.com/_Content/pdf/Essex-2026-Sample-Ballots.pdf,3f634fd6574f4241787f8b4196780b05f21ffdfe3cedf4a50223deb0db629bb3,2026-09-19T12:06:00+00:00,essex,2026,sample_ballot,cache/essex/2026/sample-ballots.pdf,200,application/pdf,1228658,
https://www.essexclerk.com/_Content/pdf/Elect%20Information/Essex-Sample-Ballots-2022g-Alphabetical.pdf,,2026-09-19T12:06:14+00:00,essex,2022,sample_ballot,,404,text/html,,
https://www.essexclerk.com/_Content/pdf/Essex-Sample-Ballots-General-Election.pdf,,2026-09-19T12:06:15+00:00,essex,2023,sample_ballot,,404,text/html,,
https://www.essexclerk.com/_Content/pdf/Essex-2025-General-Election-Sample-Ballots.pdf,,2026-09-19T12:06:16+00:00,essex,2025,sample_ballot,,404,text/html,,
https://www.bergencountyclerk.gov/_Content/pdf/voting/sample-ballots/2023/Allendale.pdf,9d5deaf1a0f45cccedae821881351497d6938df02953f0eb4c6f5e1ac4fff38b,2026-09-19T12:06:32+00:00,bergen,2023,sample_ballot,cache/bergen/2023/allendale.pdf,200,application/pdf,387367,Allendale
https://www.bergencountyclerk.gov/_Content/pdf/voting/sample-ballots/2023/Alpine.pdf,9392486868842b41584fc9dde6d31b289ac88960f847611f3dc29698df1e00e6,2026-09-19T12:06:33+00:00,bergen,2023,sample_ballot,cache/bergen/2023/alpine.pdf,200,application/pdf,386205,Alpine
https://www.bergencountyclerk.gov/_Content/pdf/voting/sample-ballots/2023/Bergenfield.pdf,683378ee19d73c94f4bf3f4435befe94286638588bbd70f413e0d992118b51b6,2026-09-19T12:06:35+00:00,bergen,2023,sample_ballot,cache/bergen/2023/bergenfield.pdf,200,application/pdf,386983,Bergenfield
https://www.bergencountyclerk.gov/_Content/pdf/voting/sample-ballots/2024-general/Allendale.pdf,29917c9d158c94d3189c5328763bb26dc423a4ed1a6e24471b9b7b200ee5d674,2026-09-19T12:06:37+00:00,bergen,2024,sample_ballot,cache/bergen/2024/allendale.pdf,200,application/pdf,507462,Allendale
https://www.bergencountyclerk.gov/_Content/pdf/voting/sample-ballots/2024-general/Alpine.pdf,cd0962abe48adfb1369a2fe403470c419277abd703ae49a9c955aa107a9fa15f,2026-09-19T12:06:38+00:00,bergen,2024,sample_ballot,cache/bergen/2024/alpine.pdf,200,application/pdf,504155,Alpine
https://www.bergencountyclerk.gov/_Content/pdf/voting/sample-ballots/2024-general/Bergenfield.pdf,a1bc6fbe51bec961cb62349226a747442a28841e016ff0e2658fc9d8b7978870,2026-09-19T12:06:40+00:00,bergen,2024,sample_ballot,cache/bergen/2024/bergenfield.pdf,200,application/pdf,504815,Bergenfield
https://www.bergencountyclerk.gov/_Content/pdf/voting/sample-ballots/2025/Allendale-Gen25.pdf,b632ab68cd5214d5160ea59ad0b012d9fb0cdf8ac28b87abb51d5c97c36b2fea,2026-09-19T12:06:42+00:00,bergen,2025,sample_ballot,cache/bergen/2025/allendale.pdf,200,application/pdf,409846,Allendale
https://www.bergencountyclerk.gov/_Content/pdf/voting/sample-ballots/2025/Alpine-Gen25.pdf,51f9283c1f8e2b9ccd1d12f5d60a99dcf0d9ed71395ceb4ed0c22555e7aaaa77,2026-09-19T12:06:43+00:00,bergen,2025,sample_ballot,cache/bergen/2025/alpine.pdf,200,application/pdf,539149,Alpine
https://www.bergencountyclerk.gov/_Content/pdf/voting/sample-ballots/2025/Bergenfield-Gen25.pdf,3455775bc837078170f43cafbb2ce6636fa5e255463e5a6959d5bab8e3e625d9,2026-09-19T12:06:45+00:00,bergen,2025,sample_ballot,cache/bergen/2025/bergenfield.pdf,200,application/pdf,409654,Bergenfield
https://www.co.hunterdon.nj.us/DocumentCenter/View/12466/UnOfficial-School-Board-Candidates-2023-filed-candidates-PDF,a8c397cbec1d1ad51cf484543d8b87a4eecd81957709f5507a60773ecd09966a,2026-09-19T12:24:47+00:00,hunterdon,2023,candidate_list,cache/hunterdon/2023/school-board-candidates.pdf,,,182330,"held, not re-fetched"
https://www.co.hunterdon.nj.us/DocumentCenter/View/15174/UnOfficial--School-Board-Candidates-2024-PDF,e5ca9e9cbd5f7d11d73d8c944335511bbe95ea5dabcc12b39a90d5d5eacc1cb1,2026-09-19T12:24:47+00:00,hunterdon,2024,candidate_list,cache/hunterdon/2024/school-board-candidates.pdf,,,225165,"held, not re-fetched"
https://www.co.hunterdon.nj.us/DocumentCenter/View/17067,432da6c95e79d76c30904382e7c2e6c63600054aef2d2f4a80bebe944e37d70d,2026-09-19T12:24:47+00:00,hunterdon,2025,offices_notice,cache/hunterdon/2025/offices-up-notice.pdf,,,144047,"held, not re-fetched"
https://www.co.hunterdon.nj.us/DocumentCenter/View/17436/UnOfficial-School-Board-Candidates-2025-PDF,2c139cbdff3010a38cae2b106d998b42f668b910ea6c5b8574df1705d644e994,2026-09-19T12:24:47+00:00,hunterdon,2025,candidate_list,cache/hunterdon/2025/school-board-candidates.pdf,,,218422,"held, not re-fetched"
https://www.co.hunterdon.nj.us/DocumentCenter/View/20403/UnOfficial-School-Board-Candidates-2026-PDF,62c5e22a76977e7e95e55fdb6eca9c471d219c22eaece0d721f561fce1b8df49,2026-09-19T12:24:47+00:00,hunterdon,2026,candidate_list,cache/hunterdon/2026/school-board-candidates.pdf,,,201736,"held, not re-fetched"
https://www.co.hunterdon.nj.us/DocumentCenter/View/17067,432da6c95e79d76c30904382e7c2e6c63600054aef2d2f4a80bebe944e37d70d,2026-09-19T12:33:58+00:00,hunterdon,2025,seats_notice,cache/hunterdon/2025/seats-notice.pdf,200,application/pdf,144047,
https://www.bergencountyclerk.gov/_Content/pdf/voting/sample-ballots/2023/Bogota.pdf,79aa8b596365db7a3bb1d46df2792825da3ac75c823a4c1df00fe9c58b098742,2026-09-20T10:14:43+00:00,bergen,2023,sample_ballot,cache/bergen/2023/bogota.pdf,200,application/pdf,387544,Bogota
https://www.bergencountyclerk.gov/_Content/pdf/voting/sample-ballots/2023/Carlstadt.pdf,6b416a86ca2f9e2a604d2fcfe74e15dfc14caff7bf197f955f3e4021a57d3f9a,2026-09-20T10:14:45+00:00,bergen,2023,sample_ballot,cache/bergen/2023/carlstadt.pdf,200,application/pdf,517175,Carlstadt
https://www.bergencountyclerk.gov/_Content/pdf/voting/sample-ballots/2023/CliffsidePark.pdf,4ade5f78717901358ea3f48364f721a5c520f9c28a0f7be3b859666a077c348a,2026-09-20T10:14:46+00:00,bergen,2023,sample_ballot,cache/bergen/2023/cliffside-park.pdf,200,application/pdf,380434,Cliffside-Park
https://www.bergencountyclerk.gov/_Content/pdf/voting/sample-ballots/2023/Closter.pdf,b27c4c5c09759d841cc71419ecfd5780a719a684f435f2f3f074184680717d47,2026-09-20T10:14:48+00:00,bergen,2023,sample_ballot,cache/bergen/2023/closter.pdf,200,application/pdf,386935,Closter
https://www.bergencountyclerk.gov/_Content/pdf/voting/sample-ballots/2023/Cresskill.pdf,9de61894cd4d91a1002f19d0c1241709540eae710f3667456f683ccd8b4f7682,2026-09-20T10:14:49+00:00,bergen,2023,sample_ballot,cache/bergen/2023/cresskill.pdf,200,application/pdf,387897,Cresskill
https://www.bergencountyclerk.gov/_Content/pdf/voting/sample-ballots/2023/Demarest.pdf,a9be69753370abed588dfe7d5502a4cb27e3093ebc75f8cf2b4f31020e9a636f,2026-09-20T10:14:50+00:00,bergen,2023,sample_ballot,cache/bergen/2023/demarest.pdf,200,application/pdf,386133,Demarest
https://www.bergencountyclerk.gov/_Content/pdf/voting/sample-ballots/2023/Dumont.pdf,1814a415eae6045f326db86b61ef158dd86ffbdc43ad2114bb3c532de8371be2,2026-09-20T10:14:52+00:00,bergen,2023,sample_ballot,cache/bergen/2023/dumont.pdf,200,application/pdf,386297,Dumont
https://www.bergencountyclerk.gov/_Content/pdf/voting/sample-ballots/2023/EastRutherford.pdf,d245e555be44a50e9e5ddc54da50a8a3799d681ae80da6ef8e68a63701a6c5fd,2026-09-20T10:14:53+00:00,bergen,2023,sample_ballot,cache/bergen/2023/east-rutherford.pdf,200,application/pdf,388707,East-Rutherford
https://www.bergencountyclerk.gov/_Content/pdf/voting/sample-ballots/2023/Edgewater.pdf,bf76963325bf384d2de4d099d7a25e89e58e299a55d63d22b09d0a240356272d,2026-09-20T10:14:54+00:00,bergen,2023,sample_ballot,cache/bergen/2023/edgewater.pdf,200,application/pdf,386308,Edgewater
https://www.bergencountyclerk.gov/_Content/pdf/voting/sample-ballots/2023/Elmwoodpark.pdf,44554d113f947b330b0cf581f7fb32be0aa26a78190d48abe3d834603a006336,2026-09-20T10:14:56+00:00,bergen,2023,sample_ballot,cache/bergen/2023/elmwood-park.pdf,200,application/pdf,388585,Elmwood-Park
https://www.bergencountyclerk.gov/_Content/pdf/voting/sample-ballots/2023/Emerson.pdf,3cfbea03ddb7317f8a68777c2d2ccd742adee95ae6acf2e7ff27f05f028e6ddc,2026-09-20T10:14:57+00:00,bergen,2023,sample_ballot,cache/bergen/2023/emerson.pdf,200,application/pdf,386122,Emerson
https://www.bergencountyclerk.gov/_Content/pdf/voting/sample-ballots/2023/Englewood.pdf,279792c13dbc60f6df42200fc368d43c3fa14a9fb4ef47d53b8eb4de6d9ca39d,2026-09-20T10:15:00+00:00,bergen,2023,sample_ballot,cache/bergen/2023/englewood.pdf,200,application/pdf,1125967,Englewood
https://www.bergencountyclerk.gov/_Content/pdf/voting/sample-ballots/2023/EnglewoodCliffs.pdf,,2026-09-20T10:15:01+00:00,bergen,2023,sample_ballot,,404,text/html,,Englewood-Cliffs
https://www.bergencountyclerk.gov/_Content/pdf/voting/sample-ballots/2023/FairLawn.pdf,aad5e831faa914f76fd9ab6d4599b7d9f2f6bd1b3b9900df0b5750792ecb90be,2026-09-20T10:15:02+00:00,bergen,2023,sample_ballot,cache/bergen/2023/fair-lawn.pdf,200,application/pdf,386504,Fair-Lawn
https://www.bergencountyclerk.gov/_Content/pdf/voting/sample-ballots/2023/Fairview.pdf,3626c9d190322e3f01dcb98362144891704f903e7dcaea90e7ecacb1a4384746,2026-09-20T10:15:04+00:00,bergen,2023,sample_ballot,cache/bergen/2023/fairview.pdf,200,application/pdf,382083,Fairview
https://www.bergencountyclerk.gov/_Content/pdf/voting/sample-ballots/2023/FortLee.pdf,988fbfacc7a525ad2e93aefe9c0e2869455bc8ff41c2f139afbeb5588354d8b3,2026-09-20T10:15:05+00:00,bergen,2023,sample_ballot,cache/bergen/2023/fort-lee.pdf,200,application/pdf,388060,Fort-Lee
https://www.bergencountyclerk.gov/_Content/pdf/voting/sample-ballots/2023/FranklinLakes.pdf,e7dcbfdf957a991d4fb20a8e6abf5d26bcdaaeaff12a5e615c68f732289baff5,2026-09-20T10:15:07+00:00,bergen,2023,sample_ballot,cache/bergen/2023/franklin-lakes.pdf,200,application/pdf,409578,Franklin-Lakes
https://www.bergencountyclerk.gov/_Content/pdf/voting/sample-ballots/2023/Garfield.pdf,9e99ac8d93f8084c9121d2fe2ba96b2e1eef972cb2f97df36fa82aeed7eecca5,2026-09-20T10:15:08+00:00,bergen,2023,sample_ballot,cache/bergen/2023/garfield.pdf,200,application/pdf,386013,Garfield
https://www.bergencountyclerk.gov/_Content/pdf/voting/sample-ballots/2023/GlenRock.pdf,58d3ae2f5560efcffe19f7ffe4833d9a77c847b90102f9ef89174c9905dd78f9,2026-09-20T10:15:10+00:00,bergen,2023,sample_ballot,cache/bergen/2023/glen-rock.pdf,200,application/pdf,386958,Glen-Rock
https://www.bergencountyclerk.gov/_Content/pdf/voting/sample-ballots/2023/Hackensack.pdf,1b31e1a55b022e3a37323aa28a71d13f41648bba46fe052413cb1db230d064f1,2026-09-20T10:15:12+00:00,bergen,2023,sample_ballot,cache/bergen/2023/hackensack.pdf,200,application/pdf,526427,Hackensack
https://www.bergencountyclerk.gov/_Content/pdf/voting/sample-ballots/2023/HarringtonPark.pdf,3e6efb24b613173f0b18d1456a70a40e36e6f98d554b739021edf9321007732c,2026-09-20T10:15:13+00:00,bergen,2023,sample_ballot,cache/bergen/2023/harrington-park.pdf,200,application/pdf,388580,Harrington-Park
https://www.bergencountyclerk.gov/_Content/pdf/voting/sample-ballots/2023/HasbrouckHeights.pdf,0b0551c66cc0a1b25b8149c68b688c46c726ea9621e86303c7832f37df019a5d,2026-09-20T10:15:15+00:00,bergen,2023,sample_ballot,cache/bergen/2023/hasbrouck-heights.pdf,200,application/pdf,388086,Hasbrouck-Heights
https://www.bergencountyclerk.gov/_Content/pdf/voting/sample-ballots/2023/Haworth.pdf,44602be69ee15ec9fc701e6c79369542ce92bc515cb343cb2669ec7201c73c53,2026-09-20T10:15:16+00:00,bergen,2023,sample_ballot,cache/bergen/2023/haworth.pdf,200,application/pdf,387220,Haworth
https://www.bergencountyclerk.gov/_Content/pdf/voting/sample-ballots/2023/Hillsdale.pdf,258f3598cf0b607ffd58ee9b01d6cfb7abc570fbd48095153556acc3838d2f57,2026-09-20T10:15:18+00:00,bergen,2023,sample_ballot,cache/bergen/2023/hillsdale.pdf,200,application/pdf,387923,Hillsdale
https://www.bergencountyclerk.gov/_Content/pdf/voting/sample-ballots/2023/HoHoKus.pdf,8006f052f09f809d48c1a406db7bc446dcf28b65fdcd243cb145d003833f21ec,2026-09-20T10:15:19+00:00,bergen,2023,sample_ballot,cache/bergen/2023/ho-ho-kus.pdf,200,application/pdf,385275,Ho-Ho-Kus
https://www.bergencountyclerk.gov/_Content/pdf/voting/sample-ballots/2023/Leonia.pdf,337e98dfc23362a81c74afa02646bd0f67bccd2a83068ea126521773e1cf2f62,2026-09-20T10:15:21+00:00,bergen,2023,sample_ballot,cache/bergen/2023/leonia.pdf,200,application/pdf,385960,Leonia
https://www.bergencountyclerk.gov/_Content/pdf/voting/sample-ballots/2023/LittleFerry.pdf,e914c6d051d30c63540d31e109c9d254fffc0f44b568ec1cee0641499fa68cf7,2026-09-20T10:15:23+00:00,bergen,2023,sample_ballot,cache/bergen/2023/little-ferry.pdf,200,application/pdf,386195,Little-Ferry
https://www.bergencountyclerk.gov/_Content/pdf/voting/sample-ballots/2023/Lodi.pdf,72b56b39aa0f95ac47042cf4a4610c5e165dfd4e03523d7a7fb694933b65481e,2026-09-20T10:15:24+00:00,bergen,2023,sample_ballot,cache/bergen/2023/lodi.pdf,200,application/pdf,377271,Lodi
https://www.bergencountyclerk.gov/_Content/pdf/voting/sample-ballots/2023/Lyndhurst.pdf,d943119d79e54f2271fff00b0437e0371e0e90d63eb2372f33097d92d83f902e,2026-09-20T10:15:25+00:00,bergen,2023,sample_ballot,cache/bergen/2023/lyndhurst.pdf,200,application/pdf,387513,Lyndhurst
https://www.bergencountyclerk.gov/_Content/pdf/voting/sample-ballots/2023/Mahwah.pdf,037ede30e2bd18e5788bd648f5e1c8f7a9e213a7604fe5b6396838f9fcf6f02d,2026-09-20T10:15:27+00:00,bergen,2023,sample_ballot,cache/bergen/2023/mahwah.pdf,200,application/pdf,387148,Mahwah
https://www.bergencountyclerk.gov/_Content/pdf/voting/sample-ballots/2023/Maywood.pdf,25f3232b9f705e9e290c317f6c83d2a78585c046cdd8063f3facafe7d5ea2f62,2026-09-20T10:15:28+00:00,bergen,2023,sample_ballot,cache/bergen/2023/maywood.pdf,200,application/pdf,386467,Maywood
https://www.bergencountyclerk.gov/_Content/pdf/voting/sample-ballots/2023/MidlandPark.pdf,1e97838cf399daabdc1f9a6f4e2c2a2c934d2bd9981d0e0d7e775a98928abb3b,2026-09-20T10:15:30+00:00,bergen,2023,sample_ballot,cache/bergen/2023/midland-park.pdf,200,application/pdf,386279,Midland-Park
https://www.bergencountyclerk.gov/_Content/pdf/voting/sample-ballots/2023/Montvale.pdf,b37bc998ccae5f1c67022a2d6c02e60fcaade625c9f7a75cecdafa8434120f68,2026-09-20T10:15:31+00:00,bergen,2023,sample_ballot,cache/bergen/2023/montvale.pdf,200,application/pdf,389121,Montvale
https://www.bergencountyclerk.gov/_Content/pdf/voting/sample-ballots/2023/Moonachie.pdf,32b164089148d416bfab2f26fdbb860fb80882546142338e1b6d161b11d2c54c,2026-09-20T10:15:33+00:00,bergen,2023,sample_ballot,cache/bergen/2023/moonachie.pdf,200,application/pdf,387839,Moonachie
https://www.bergencountyclerk.gov/_Content/pdf/voting/sample-ballots/2023/NewMilford.pdf,9700e2d0da0bc1f63a07cb592833f10c47ec8b5e8c2d25f08bbfc2b9f0f22d80,2026-09-20T10:15:35+00:00,bergen,2023,sample_ballot,cache/bergen/2023/new-milford.pdf,200,application/pdf,387387,New-Milford
https://www.bergencountyclerk.gov/_Content/pdf/voting/sample-ballots/2023/NorthArlington.pdf,c8598bb04546b9a85aa35f2707fdf270da88a15051ecc398f09ce3273b622493,2026-09-20T10:15:36+00:00,bergen,2023,sample_ballot,cache/bergen/2023/north-arlington.pdf,200,application/pdf,386113,North-Arlington
https://www.bergencountyclerk.gov/_Content/pdf/voting/sample-ballots/2023/Northvale.pdf,8ed695460766e60cf3d287f9d7176cd03d982fb3e2b75f4909492df6f45f2f06,2026-09-20T10:15:38+00:00,bergen,2023,sample_ballot,cache/bergen/2023/northvale.pdf,200,application/pdf,386700,Northvale
https://www.bergencountyclerk.gov/_Content/pdf/voting/sample-ballots/2023/Norwood.pdf,3c57697f9941c2f60e011dd359a9a53609e5571779ee5fe52c30f24ca9bb3432,2026-09-20T10:15:39+00:00,bergen,2023,sample_ballot,cache/bergen/2023/norwood.pdf,200,application/pdf,386050,Norwood
https://www.bergencountyclerk.gov/_Content/pdf/voting/sample-ballots/2023/Oakland.pdf,c596679a629b7a6b0b81e0a6ff64c59be9377b8125e13285304598e0d791a1ad,2026-09-20T10:15:41+00:00,bergen,2023,sample_ballot,cache/bergen/2023/oakland.pdf,200,application/pdf,545019,Oakland
https://www.bergencountyclerk.gov/_Content/pdf/voting/sample-ballots/2023/OldTappan.pdf,ccad9e90183fe7de9a7952d4ce45a8b9dec7e3d2f8f34f717091868c7c61f095,2026-09-20T10:15:42+00:00,bergen,2023,sample_ballot,cache/bergen/2023/old-tappan.pdf,200,application/pdf,386355,Old-Tappan
https://www.bergencountyclerk.gov/_Content/pdf/voting/sample-ballots/2023/Oradell.pdf,4bad2202453efc02464c52371e08af8e55bfc0ae237751b77bfc79243ab08bf5,2026-09-20T10:15:44+00:00,bergen,2023,sample_ballot,cache/bergen/2023/oradell.pdf,200,application/pdf,388474,Oradell
https://www.bergencountyclerk.gov/_Content/pdf/voting/sample-ballots/2023/PalisadesPark.pdf,706e43a9ee1d5fc37da7ce2757af9798d2db9badc131413e99a637683f83f027,2026-09-20T10:15:45+00:00,bergen,2023,sample_ballot,cache/bergen/2023/palisades-park.pdf,200,application/pdf,388083,Palisades-Park
https://www.bergencountyclerk.gov/_Content/pdf/voting/sample-ballots/2023/Paramus.pdf,d5b7ba43daafcdcec075781fb8b4aac3bc8baafe9180dc20eb8f8e21343a3302,2026-09-20T10:15:47+00:00,bergen,2023,sample_ballot,cache/bergen/2023/paramus.pdf,200,application/pdf,386708,Paramus
https://www.bergencountyclerk.gov/_Content/pdf/voting/sample-ballots/2023/ParkRidge.pdf,8c05017e2b2e139cc4766cdddbdd739892ab643438ab4147cc7049c762429535,2026-09-20T10:15:49+00:00,bergen,2023,sample_ballot,cache/bergen/2023/park-ridge.pdf,200,application/pdf,516296,Park-Ridge
https://www.bergencountyclerk.gov/_Content/pdf/voting/sample-ballots/2023/Ramsey.pdf,8033d836cce63249d49d8ef504f33b9fc683aaf9a3c867f885a981498a510ecc,2026-09-20T10:15:50+00:00,bergen,2023,sample_ballot,cache/bergen/2023/ramsey.pdf,200,application/pdf,386904,Ramsey
https://www.bergencountyclerk.gov/_Content/pdf/voting/sample-ballots/2023/Ridgefield.pdf,fa23d66b35efaea0310a2acc4de39316deac9ac092a8aad5483006f0eade9180,2026-09-20T10:15:52+00:00,bergen,2023,sample_ballot,cache/bergen/2023/ridgefield.pdf,200,application/pdf,390472,Ridgefield
https://www.bergencountyclerk.gov/_Content/pdf/voting/sample-ballots/2023/RidgefieldPark.pdf,1c81ef3abb6da1a2bf1dca52d578a2e05870bb283c409e6dcb12bd3cd4a9c914,2026-09-20T10:15:53+00:00,bergen,2023,sample_ballot,cache/bergen/2023/ridgefield-park.pdf,200,application/pdf,386472,Ridgefield-Park
https://www.bergencountyclerk.gov/_Content/pdf/voting/sample-ballots/2023/Ridgewood.pdf,1d141ecf1b1b6d19039de008d49370d0c1329c0069033b2dc8b5799d1c300ab1,2026-09-20T10:15:55+00:00,bergen,2023,sample_ballot,cache/bergen/2023/ridgewood.pdf,200,application/pdf,388351,Ridgewood
https://www.bergencountyclerk.gov/_Content/pdf/voting/sample-ballots/2023/RiverEdge.pdf,3d279ec14642411408dec7973bbdf14ec8c93739d9d3d85797bfbb86dfeddc0a,2026-09-20T10:15:56+00:00,bergen,2023,sample_ballot,cache/bergen/2023/river-edge.pdf,200,application/pdf,389490,River-Edge
https://www.bergencountyclerk.gov/_Content/pdf/voting/sample-ballots/2023/RiverVale.pdf,a18d749eb8ead8b50286fc859606566db7f7d39b8b1e3ac3ec68c848d9c589e9,2026-09-20T10:15:58+00:00,bergen,2023,sample_ballot,cache/bergen/2023/river-vale.pdf,200,application/pdf,406113,River-Vale
https://www.bergencountyclerk.gov/_Content/pdf/voting/sample-ballots/2023/RochellePark.pdf,ab6f5d0155c1116d224cfe326b7671743a42972b1309ff9066a2e42ec6c2edda,2026-09-20T10:15:59+00:00,bergen,2023,sample_ballot,cache/bergen/2023/rochelle-park.pdf,200,application/pdf,387821,Rochelle-Park
https://www.bergencountyclerk.gov/_Content/pdf/voting/sample-ballots/2023/Rockleigh.pdf,bcd283ead662ce956d06143e3f0a6c22ee92c0c2067fd624b671018650fc4ecb,2026-09-20T10:16:01+00:00,bergen,2023,sample_ballot,cache/bergen/2023/rockleigh.pdf,200,application/pdf,379567,Rockleigh
https://www.bergencountyclerk.gov/_Content/pdf/voting/sample-ballots/2023/Rutherford.pdf,6904346befe614f8757e9b9b8aeec78d32189b9166bc2b4040abafd0b0b1a2f4,2026-09-20T10:16:02+00:00,bergen,2023,sample_ballot,cache/bergen/2023/rutherford.pdf,200,application/pdf,521128,Rutherford
https://www.bergencountyclerk.gov/_Content/pdf/voting/sample-ballots/2023/SaddleBrook.pdf,c1e46f51b82727c5558a9e3ed823dd99b72cc884433e17961005ccedcbf878bc,2026-09-20T10:16:04+00:00,bergen,2023,sample_ballot,cache/bergen/2023/saddle-brook.pdf,200,application/pdf,385345,Saddle-Brook
https://www.bergencountyclerk.gov/_Content/pdf/voting/sample-ballots/2023/SaddleRiver.pdf,a4f90749ed89fd172cc57fb265685f7a08d8254b844994f92d1e030510cbacf8,2026-09-20T10:16:05+00:00,bergen,2023,sample_ballot,cache/bergen/2023/saddle-river.pdf,200,application/pdf,385662,Saddle-River
https://www.bergencountyclerk.gov/_Content/pdf/voting/sample-ballots/2023/South-Hackensack.pdf,f018d465886de6974300fb90341feda82390cf1e237ef97f39924a6b8a0f711a,2026-09-20T10:16:07+00:00,bergen,2023,sample_ballot,cache/bergen/2023/south-hackensack.pdf,200,application/pdf,385753,South-Hackensack
https://www.bergencountyclerk.gov/_Content/pdf/voting/sample-ballots/2023/Teaneck.pdf,270f9b76a835f72d41f9cd46a0b937f37ae3523270c2594be78219acb5fa4319,2026-09-20T10:16:08+00:00,bergen,2023,sample_ballot,cache/bergen/2023/teaneck.pdf,200,application/pdf,385831,Teaneck
https://www.bergencountyclerk.gov/_Content/pdf/voting/sample-ballots/2023/Tenafly.pdf,c6512ea008a62b9e27e6d4977d769d957dc3a316a11d51b04ec33d6b4e136f58,2026-09-20T10:16:10+00:00,bergen,2023,sample_ballot,cache/bergen/2023/tenafly.pdf,200,application/pdf,387018,Tenafly
https://www.bergencountyclerk.gov/_Content/pdf/voting/sample-ballots/2023/Teterboro.pdf,8b0598df1b9a173018540c8bca82ddbbb8079fc078bdde5f861e6dcc940fc78a,2026-09-20T10:16:11+00:00,bergen,2023,sample_ballot,cache/bergen/2023/teterboro.pdf,200,application/pdf,378064,Teterboro
https://www.bergencountyclerk.gov/_Content/pdf/voting/sample-ballots/2023/Township-of-Washington.pdf,1e2617c8a2ba7f110ecb8609b0bd168d393d79988f8adaa82469c18332a8021d,2026-09-20T10:16:13+00:00,bergen,2023,sample_ballot,cache/bergen/2023/township-of-washington.pdf,200,application/pdf,388282,Township-of-Washington
https://www.bergencountyclerk.gov/_Content/pdf/voting/sample-ballots/2023/Upper-Saddle-River.pdf,431696cc16c3bdcf042324805f0578a21894d3d63f2dfead31558e182fa2eaf5,2026-09-20T10:16:14+00:00,bergen,2023,sample_ballot,cache/bergen/2023/upper-saddle-river.pdf,200,application/pdf,389688,Upper-Saddle-River
https://www.bergencountyclerk.gov/_Content/pdf/voting/sample-ballots/2023/Waldwick.pdf,a5783f14e8a3f4c4566ae6e62e32b0f66374c5d4446186b6d096f5543c6d94fe,2026-09-20T10:16:15+00:00,bergen,2023,sample_ballot,cache/bergen/2023/waldwick.pdf,200,application/pdf,386385,Waldwick
https://www.bergencountyclerk.gov/_Content/pdf/voting/sample-ballots/2023/Wallington.pdf,7e807e801b22081e27f5970d7e9718ef3990bb9743a396fa0e8447225a5fa2bb,2026-09-20T10:16:17+00:00,bergen,2023,sample_ballot,cache/bergen/2023/wallington.pdf,200,application/pdf,387038,Wallington
https://www.bergencountyclerk.gov/_Content/pdf/voting/sample-ballots/2023/Westwood.pdf,ebcfb239e2d3408fc936b997635b0b6cce1bc5db422c32c0060704358848382a,2026-09-20T10:16:18+00:00,bergen,2023,sample_ballot,cache/bergen/2023/westwood.pdf,200,application/pdf,386682,Westwood
https://www.bergencountyclerk.gov/_Content/pdf/voting/sample-ballots/2023/WoodRidge.pdf,586ce876cc26af329481781d602454a548b76e4bdbf513b3d2a3fd5e258dde24,2026-09-20T10:16:19+00:00,bergen,2023,sample_ballot,cache/bergen/2023/wood-ridge.pdf,200,application/pdf,386211,Wood-Ridge
https://www.bergencountyclerk.gov/_Content/pdf/voting/sample-ballots/2023/Woodcliff-Lake.pdf,db996c58aad78c339fb0f8f64d449bd5cfebb8a9ed6ad64a4e83fbf23c32d96e,2026-09-20T10:16:21+00:00,bergen,2023,sample_ballot,cache/bergen/2023/woodcliff-lake.pdf,200,application/pdf,388640,Woodcliff-Lake
https://www.bergencountyclerk.gov/_Content/pdf/voting/sample-ballots/2023/Wyckoff.pdf,02e8d79b5599be0b10b07aadce51a15c801754309674d3c14de3b6663e290543,2026-09-20T10:16:22+00:00,bergen,2023,sample_ballot,cache/bergen/2023/wyckoff.pdf,200,application/pdf,387344,Wyckoff
https://www.bergencountyclerk.gov/_Content/pdf/voting/sample-ballots/2024-general/Bogota.pdf,d6c81979a03470344486d6890d8f3a350605a2d581e42c0bb65778d67ffb1288,2026-09-20T10:16:24+00:00,bergen,2024,sample_ballot,cache/bergen/2024/bogota.pdf,200,application/pdf,505374,Bogota
https://www.bergencountyclerk.gov/_Content/pdf/voting/sample-ballots/2024-general/Carlstadt.pdf,6a44ee231c6c2b561d354daf74e9cdd36dcf672957a8ef9263dfc9f41b9a9322,2026-09-20T10:16:26+00:00,bergen,2024,sample_ballot,cache/bergen/2024/carlstadt.pdf,200,application/pdf,824660,Carlstadt
https://www.bergencountyclerk.gov/_Content/pdf/voting/sample-ballots/2024-general/CliffsidePark.pdf,13ffc77b17c6be07bf0144e53a6d843417fed3d052b65e11d60374db5d8ee4e3,2026-09-20T10:16:28+00:00,bergen,2024,sample_ballot,cache/bergen/2024/cliffside-park.pdf,200,application/pdf,376799,Cliffside-Park
https://www.bergencountyclerk.gov/_Content/pdf/voting/sample-ballots/2024-general/Closter.pdf,d8bc72336e7abefc3a9dc140e6cde1e102c1ab7fdc0527c3ce01144bb7795e60,2026-09-20T10:16:29+00:00,bergen,2024,sample_ballot,cache/bergen/2024/closter.pdf,200,application/pdf,521340,Closter
https://www.bergencountyclerk.gov/_Content/pdf/voting/sample-ballots/2024-general/Cresskill.pdf,f4e79ed642e24ae8e5006ab49b1682c7d93e482a7e50992d5c3506563066df5c,2026-09-20T10:16:31+00:00,bergen,2024,sample_ballot,cache/bergen/2024/cresskill.pdf,200,application/pdf,504640,Cresskill
https://www.bergencountyclerk.gov/_Content/pdf/voting/sample-ballots/2024-general/Demarest.pdf,8156ef987a12bba57f29975c951e9ed79bc1f9377b5b11c818f6618533927035,2026-09-20T10:16:33+00:00,bergen,2024,sample_ballot,cache/bergen/2024/demarest.pdf,200,application/pdf,504899,Demarest
https://www.bergencountyclerk.gov/_Content/pdf/voting/sample-ballots/2024-general/Dumont.pdf,ecfe2bb9c129019c1442f73f48dbccc0c0197530293511982432a48c07bf43a5,2026-09-20T10:16:34+00:00,bergen,2024,sample_ballot,cache/bergen/2024/dumont.pdf,200,application/pdf,504702,Dumont
https://www.bergencountyclerk.gov/_Content/pdf/voting/sample-ballots/2024-general/EastRutherford.pdf,08ac293cb1070baab939988e8f06a81f351828ae81cb1e5652636053f6216a46,2026-09-20T10:16:36+00:00,bergen,2024,sample_ballot,cache/bergen/2024/east-rutherford.pdf,200,application/pdf,615880,East-Rutherford
https://www.bergencountyclerk.gov/_Content/pdf/voting/sample-ballots/2024-general/Edgewater.pdf,cd0e7d1a4c32829dc793f4125a7e26ee937229925875f1fe21373b83209bbd43,2026-09-20T10:16:37+00:00,bergen,2024,sample_ballot,cache/bergen/2024/edgewater.pdf,200,application/pdf,505079,Edgewater
https://www.bergencountyclerk.gov/_Content/pdf/voting/sample-ballots/2024-general/Elmwoodpark.pdf,954a47d016728f2d55924f62fac2f00b61f43cc7fc0d48a41bcc57ce484ea878,2026-09-20T10:16:39+00:00,bergen,2024,sample_ballot,cache/bergen/2024/elmwood-park.pdf,200,application/pdf,614049,Elmwood-Park
https://www.bergencountyclerk.gov/_Content/pdf/voting/sample-ballots/2024-general/Emerson.pdf,fc0466721a955dc08c2986e413cfbf1f69c920bea99e993268deeb09febc0349,2026-09-20T10:16:41+00:00,bergen,2024,sample_ballot,cache/bergen/2024/emerson.pdf,200,application/pdf,503970,Emerson
https://www.bergencountyclerk.gov/_Content/pdf/voting/sample-ballots/2024-general/Englewood.pdf,b594078dd007082bdf45bbad7e5d706a98dc1b374e3b89db039c2265b273e15d,2026-09-20T10:16:43+00:00,bergen,2024,sample_ballot,cache/bergen/2024/englewood.pdf,200,application/pdf,1510319,Englewood
https://www.bergencountyclerk.gov/_Content/pdf/voting/sample-ballots/2024-general/EnglewoodCliffs.pdf,c6964f92354b6002c1840d339989ff5445456f2463302cbff00d6ae7fcd268ec,2026-09-20T10:16:45+00:00,bergen,2024,sample_ballot,cache/bergen/2024/englewood-cliffs.pdf,200,application/pdf,504792,Englewood-Cliffs
https://www.bergencountyclerk.gov/_Content/pdf/voting/sample-ballots/2024-general/FairLawn.pdf,4febbbd4d4571cb859c64e4893dede5a338bdf695ae07aee4651cf5905c1a9b6,2026-09-20T10:16:47+00:00,bergen,2024,sample_ballot,cache/bergen/2024/fair-lawn.pdf,200,application/pdf,593613,Fair-Lawn
https://www.bergencountyclerk.gov/_Content/pdf/voting/sample-ballots/2024-general/Fairview.pdf,5f4c20a02bc32eb1c12dc75916babfcb2a7fd3346fecefd7e02a3d8b4341d704,2026-09-20T10:16:48+00:00,bergen,2024,sample_ballot,cache/bergen/2024/fairview.pdf,200,application/pdf,378201,Fairview
https://www.bergencountyclerk.gov/_Content/pdf/voting/sample-ballots/2024-general/FortLee.pdf,80128f6981f5b5ceea85bb706bf39ae8674743370ffb4be5ea68123387739012,2026-09-20T10:16:49+00:00,bergen,2024,sample_ballot,cache/bergen/2024/fort-lee.pdf,200,application/pdf,505708,Fort-Lee
https://www.bergencountyclerk.gov/_Content/pdf/voting/sample-ballots/2024-general/FranklinLakes.pdf,52eb810e8b223643a00e9a3661316ba33688bf4ce37a8549ab059eb8490d52c3,2026-09-20T10:16:51+00:00,bergen,2024,sample_ballot,cache/bergen/2024/franklin-lakes.pdf,200,application/pdf,506493,Franklin-Lakes
https://www.bergencountyclerk.gov/_Content/pdf/voting/sample-ballots/2024-general/Garfield.pdf,f4cadb8d4d76a9fbadaaeefbec01898cc204642745e06799469a20667f168b52,2026-09-20T10:16:53+00:00,bergen,2024,sample_ballot,cache/bergen/2024/garfield.pdf,200,application/pdf,509807,Garfield
https://www.bergencountyclerk.gov/_Content/pdf/voting/sample-ballots/2024-general/GlenRock.pdf,d81eba4b196325e9c2cccf59385a49e75e1a1ba66821ddeea58a7dd5db59ed23,2026-09-20T10:16:54+00:00,bergen,2024,sample_ballot,cache/bergen/2024/glen-rock.pdf,200,application/pdf,506625,Glen-Rock
https://www.bergencountyclerk.gov/_Content/pdf/voting/sample-ballots/2024-general/Hackensack.pdf,98a8604ec0f88d5d6fecda5ee1d58a5e9d1759d18dc2f913aace550ffdf2156f,2026-09-20T10:16:56+00:00,bergen,2024,sample_ballot,cache/bergen/2024/hackensack.pdf,200,application/pdf,505076,Hackensack
https://www.bergencountyclerk.gov/_Content/pdf/voting/sample-ballots/2024-general/HarringtonPark.pdf,18b653c65bd6a1d4ae342a869a248698bae9b3222876bfed74559b9208484139,2026-09-20T10:16:58+00:00,bergen,2024,sample_ballot,cache/bergen/2024/harrington-park.pdf,200,application/pdf,506629,Harrington-Park
https://www.bergencountyclerk.gov/_Content/pdf/voting/sample-ballots/2024-general/HasbrouckHeights.pdf,7b4a06adc0d80f2d7c1aa810ac6fb6f0a8db46583bcfac133c641a2aae6c6e15,2026-09-20T10:16:59+00:00,bergen,2024,sample_ballot,cache/bergen/2024/hasbrouck-heights.pdf,200,application/pdf,507681,Hasbrouck-Heights
https://www.bergencountyclerk.gov/_Content/pdf/voting/sample-ballots/2024-general/Haworth.pdf,10c79d95c52f0a03d466f8cf4e57359f9e81184b5808dd9e237e943f39b53c3d,2026-09-20T10:17:01+00:00,bergen,2024,sample_ballot,cache/bergen/2024/haworth.pdf,200,application/pdf,504361,Haworth
https://www.bergencountyclerk.gov/_Content/pdf/voting/sample-ballots/2024-general/Hillsdale.pdf,93ba5efcea30be55cf814a42804c756c924a92db96c9d3a17c56d5325e8b4830,2026-09-20T10:17:02+00:00,bergen,2024,sample_ballot,cache/bergen/2024/hillsdale.pdf,200,application/pdf,505598,Hillsdale
https://www.bergencountyclerk.gov/_Content/pdf/voting/sample-ballots/2024-general/HoHoKus.pdf,375411c85d71167c0f91f67f2dc89f13f631b43108767b1933e47bb287f9f85c,2026-09-20T10:17:04+00:00,bergen,2024,sample_ballot,cache/bergen/2024/ho-ho-kus.pdf,200,application/pdf,504110,Ho-Ho-Kus
https://www.bergencountyclerk.gov/_Content/pdf/voting/sample-ballots/2024-general/Leonia.pdf,d13af501cdfc22d3e5ba5d0b4cc7f6ca7d679022169b128bc520944666e0295f,2026-09-20T10:17:05+00:00,bergen,2024,sample_ballot,cache/bergen/2024/leonia.pdf,200,application/pdf,506076,Leonia
https://www.bergencountyclerk.gov/_Content/pdf/voting/sample-ballots/2024-general/LittleFerry.pdf,3145d6de81f121c78211cc84bbac78df499fe0db1af6ca13e3e4d3553f623937,2026-09-20T10:17:07+00:00,bergen,2024,sample_ballot,cache/bergen/2024/little-ferry.pdf,200,application/pdf,505998,Little-Ferry
https://www.bergencountyclerk.gov/_Content/pdf/voting/sample-ballots/2024-general/Lodi.pdf,f9a743f3ceaf0bc829077b3689d6e03c27f615e30932305007043702cd4d3eb2,2026-09-20T10:17:08+00:00,bergen,2024,sample_ballot,cache/bergen/2024/lodi.pdf,200,application/pdf,374612,Lodi
https://www.bergencountyclerk.gov/_Content/pdf/voting/sample-ballots/2024-general/Lyndhurst.pdf,b67108a366812bcc52b05949d43fad7877e257f1f4f86b68b39145ce5fcc8043,2026-09-20T10:17:10+00:00,bergen,2024,sample_ballot,cache/bergen/2024/lyndhurst.pdf,200,application/pdf,505369,Lyndhurst
https://www.bergencountyclerk.gov/_Content/pdf/voting/sample-ballots/2024-general/Mahwah.pdf,4e8c9431e60b0e873c007e441b9a668e8e306c7e41267828ea658574e77ccfec,2026-09-20T10:17:12+00:00,bergen,2024,sample_ballot,cache/bergen/2024/mahwah.pdf,200,application/pdf,507259,Mahwah
https://www.bergencountyclerk.gov/_Content/pdf/voting/sample-ballots/2024-general/Maywood.pdf,e3c8d5be2d4ecd88eec8777ce78caef2716107a3598f8fdc5c5ad4a64c376b06,2026-09-20T10:17:14+00:00,bergen,2024,sample_ballot,cache/bergen/2024/maywood.pdf,200,application/pdf,505268,Maywood
https://www.bergencountyclerk.gov/_Content/pdf/voting/sample-ballots/2024-general/MidlandPark.pdf,948ca437788d1a6f4e0f34c319247c430c62294e3bf41ad1e0053733f9764b11,2026-09-20T10:17:15+00:00,bergen,2024,sample_ballot,cache/bergen/2024/midland-park.pdf,200,application/pdf,504856,Midland-Park
https://www.bergencountyclerk.gov/_Content/pdf/voting/sample-ballots/2024-general/Montvale.pdf,52e5d42426d7f27ca038f6bfd30e8088bf746b59e46ad89fcd257918e027e849,2026-09-20T10:17:17+00:00,bergen,2024,sample_ballot,cache/bergen/2024/montvale.pdf,200,application/pdf,506642,Montvale
https://www.bergencountyclerk.gov/_Content/pdf/voting/sample-ballots/2024-general/Moonachie.pdf,7a97aa064a005da4f2a0190c693a76613a743db03f5c24cd4bc2e8332c15f4db,2026-09-20T10:17:19+00:00,bergen,2024,sample_ballot,cache/bergen/2024/moonachie.pdf,200,application/pdf,504923,Moonachie
https://www.bergencountyclerk.gov/_Content/pdf/voting/sample-ballots/2024-general/NewMilford.pdf,26f85845fb2173d53dd6472117b7ec5eafd0e758f74cc94e4ff1ba49dd5fb454,2026-09-20T10:17:20+00:00,bergen,2024,sample_ballot,cache/bergen/2024/new-milford.pdf,200,application/pdf,505578,New-Milford
https://www.bergencountyclerk.gov/_Content/pdf/voting/sample-ballots/2024-general/NorthArlington.pdf,cb96c53343f92b379fe914df2b955b928ed4046ca9d1a205f2199cbb2a81dc0b,2026-09-20T10:17:22+00:00,bergen,2024,sample_ballot,cache/bergen/2024/north-arlington.pdf,200,application/pdf,504211,North-Arlington
https://www.bergencountyclerk.gov/_Content/pdf/voting/sample-ballots/2024-general/Northvale.pdf,35733c0ec593008e75480282ee2416858773b677f58faee8b02d886856290c74,2026-09-20T10:17:23+00:00,bergen,2024,sample_ballot,cache/bergen/2024/northvale.pdf,200,application/pdf,505427,Northvale
https://www.bergencountyclerk.gov/_Content/pdf/voting/sample-ballots/2024-general/Norwood.pdf,5ba69aff6ee6f1623094bc72de5f4ac19daf85638ea1af07f5657213f4e7b0bb,2026-09-20T10:17:25+00:00,bergen,2024,sample_ballot,cache/bergen/2024/norwood.pdf,200,application/pdf,506525,Norwood
https://www.bergencountyclerk.gov/_Content/pdf/voting/sample-ballots/2024-general/Oakland.pdf,6b9afc5cd1e10d5bf57a4d8be769d60579942b612773f69a817b7f8d2b4cc1c5,2026-09-20T10:17:26+00:00,bergen,2024,sample_ballot,cache/bergen/2024/oakland.pdf,200,application/pdf,505216,Oakland
https://www.bergencountyclerk.gov/_Content/pdf/voting/sample-ballots/2024-general/OldTappan.pdf,46cb5080b67fa875c64876981bb0bf3f8ee4004a25cbddcaf88818a063a6d8d4,2026-09-20T10:17:28+00:00,bergen,2024,sample_ballot,cache/bergen/2024/old-tappan.pdf,200,application/pdf,507015,Old-Tappan
https://www.bergencountyclerk.gov/_Content/pdf/voting/sample-ballots/2024-general/Oradell.pdf,3b339f6cde2cb131d78100d79426abf6c7230d96e2c029e2b0eebc22e9c097e6,2026-09-20T10:17:29+00:00,bergen,2024,sample_ballot,cache/bergen/2024/oradell.pdf,200,application/pdf,506982,Oradell
https://www.bergencountyclerk.gov/_Content/pdf/voting/sample-ballots/2024-general/PalisadesPark.pdf,b510b552f3a9a8bf754f1531d0afc4f82a1e3220ecd6678fe901a24a77ab3b54,2026-09-20T10:17:31+00:00,bergen,2024,sample_ballot,cache/bergen/2024/palisades-park.pdf,200,application/pdf,505712,Palisades-Park
https://www.bergencountyclerk.gov/_Content/pdf/voting/sample-ballots/2024-general/Paramus.pdf,08d96f82b3bb46b7094b61cf090ceb3757d11d3c054cb100109a50a35b8b330f,2026-09-20T10:17:33+00:00,bergen,2024,sample_ballot,cache/bergen/2024/paramus.pdf,200,application/pdf,507263,Paramus
https://www.bergencountyclerk.gov/_Content/pdf/voting/sample-ballots/2024-general/ParkRidge.pdf,0b9cca4b966465f087cc0ccc3892b094af0cfc0d869eeff926959765973b31f2,2026-09-20T10:17:34+00:00,bergen,2024,sample_ballot,cache/bergen/2024/park-ridge.pdf,200,application/pdf,505762,Park-Ridge
https://www.bergencountyclerk.gov/_Content/pdf/voting/sample-ballots/2024-general/Ramsey.pdf,f7bbf5f989d4388c34e1bcb4bfed5cfdb7ca55c265fa0151930cf79b8d6579db,2026-09-20T10:17:36+00:00,bergen,2024,sample_ballot,cache/bergen/2024/ramsey.pdf,200,application/pdf,505500,Ramsey
https://www.bergencountyclerk.gov/_Content/pdf/voting/sample-ballots/2024-general/Ridgefield.pdf,512fbb2ee0178734b78ceacde0460f7a4bb572427283cbf2bb675238e394978a,2026-09-20T10:17:37+00:00,bergen,2024,sample_ballot,cache/bergen/2024/ridgefield.pdf,200,application/pdf,505239,Ridgefield
https://www.bergencountyclerk.gov/_Content/pdf/voting/sample-ballots/2024-general/RidgefieldPark.pdf,c45bd32bb3932be40f9af467a4fc1c34db6d485b8c17a9e7a5cbbcf24b0ac9ec,2026-09-20T10:17:39+00:00,bergen,2024,sample_ballot,cache/bergen/2024/ridgefield-park.pdf,200,application/pdf,504225,Ridgefield-Park
https://www.bergencountyclerk.gov/_Content/pdf/voting/sample-ballots/2024-general/Ridgewood.pdf,bcc57003263fbfef1fa1270f8c5025b6e06c0d14735f9b059c5c63f49d63b574,2026-09-20T10:17:41+00:00,bergen,2024,sample_ballot,cache/bergen/2024/ridgewood.pdf,200,application/pdf,507011,Ridgewood
https://www.bergencountyclerk.gov/_Content/pdf/voting/sample-ballots/2024-general/RiverEdge.pdf,b10f30ee843b7d1e8eb88b19664dc21fa5c473d435493aebc4905d0af3ffad18,2026-09-20T10:17:42+00:00,bergen,2024,sample_ballot,cache/bergen/2024/river-edge.pdf,200,application/pdf,505964,River-Edge
https://www.bergencountyclerk.gov/_Content/pdf/voting/sample-ballots/2024-general/RiverVale.pdf,c0127c12ed54c94383386750d89e7c376541fa00bb2290094648eb2e042e5056,2026-09-20T10:17:44+00:00,bergen,2024,sample_ballot,cache/bergen/2024/river-vale.pdf,200,application/pdf,506512,River-Vale
https://www.bergencountyclerk.gov/_Content/pdf/voting/sample-ballots/2024-general/RochellePark.pdf,ae3db5a6208f1a2dd29d843c5e8703eeee943eb2d2074f8375bf39b39ca8518f,2026-09-20T10:17:45+00:00,bergen,2024,sample_ballot,cache/bergen/2024/rochelle-park.pdf,200,application/pdf,504610,Rochelle-Park
https://www.bergencountyclerk.gov/_Content/pdf/voting/sample-ballots/2024-general/Rockleigh.pdf,850fa04ea4a50c2cb6fbdc57cff91c1bc4506675c922ea79c1baddcff53f3bf4,2026-09-20T10:17:47+00:00,bergen,2024,sample_ballot,cache/bergen/2024/rockleigh.pdf,200,application/pdf,376705,Rockleigh
https://www.bergencountyclerk.gov/_Content/pdf/voting/sample-ballots/2024-general/Rutherford.pdf,474502dc7feb39e94c95e68a58a3d15209ba424fa359502727001c7eb287955a,2026-09-20T10:17:48+00:00,bergen,2024,sample_ballot,cache/bergen/2024/rutherford.pdf,200,application/pdf,505276,Rutherford
https://www.bergencountyclerk.gov/_Content/pdf/voting/sample-ballots/2024-general/SaddleBrook.pdf,5434c0f4484850b946360f28163cd10b0e0868f21fec71224c80f225e81759e7,2026-09-20T10:17:50+00:00,bergen,2024,sample_ballot,cache/bergen/2024/saddle-brook.pdf,200,application/pdf,505455,Saddle-Brook
https://www.bergencountyclerk.gov/_Content/pdf/voting/sample-ballots/2024-general/SaddleRiver.pdf,dd18897a15d4e4f5ce0abbb5b09d7bb8ac8592e0788ed18828acd2330aec8567,2026-09-20T10:17:51+00:00,bergen,2024,sample_ballot,cache/bergen/2024/saddle-river.pdf,200,application/pdf,506320,Saddle-River
https://www.bergencountyclerk.gov/_Content/pdf/voting/sample-ballots/2024-general/South-Hackensack.pdf,49e00807103ef4f0ed3587a4fc4cdee46403db83c76b196105a43e8ed5d7ca14,2026-09-20T10:17:53+00:00,bergen,2024,sample_ballot,cache/bergen/2024/south-hackensack.pdf,200,application/pdf,504796,South-Hackensack
https://www.bergencountyclerk.gov/_Content/pdf/voting/sample-ballots/2024-general/Teaneck.pdf,2255209f0e448bf375520ef9373910717b2e15b9a8b1d86979710f862c878e5d,2026-09-20T10:17:55+00:00,bergen,2024,sample_ballot,cache/bergen/2024/teaneck.pdf,200,application/pdf,535085,Teaneck
https://www.bergencountyclerk.gov/_Content/pdf/voting/sample-ballots/2024-general/Tenafly.pdf,3c4a7f0f7a500c307970d3cdb74474c813199f6060fc2812147467af97ad82e4,2026-09-20T10:17:56+00:00,bergen,2024,sample_ballot,cache/bergen/2024/tenafly.pdf,200,application/pdf,504912,Tenafly
https://www.bergencountyclerk.gov/_Content/pdf/voting/sample-ballots/2024-general/Teterboro.pdf,fa4261317ba1df34d7a243696f96a904e72bb8a2af79c73cd99e333121fdb56c,2026-09-20T10:17:58+00:00,bergen,2024,sample_ballot,cache/bergen/2024/teterboro.pdf,200,application/pdf,375031,Teterboro
https://www.bergencountyclerk.gov/_Content/pdf/voting/sample-ballots/2024-general/Township-of-Washington.pdf,a5f5a6188accf8489a5ccdf4f4d24d4c79eb4df76ccdc3a2456aab5b6877080f,2026-09-20T10:17:59+00:00,bergen,2024,sample_ballot,cache/bergen/2024/township-of-washington.pdf,200,application/pdf,502703,Township-of-Washington
https://www.bergencountyclerk.gov/_Content/pdf/voting/sample-ballots/2024-general/Upper-Saddle-River.pdf,ed212de7311ccc261fd2d039393fdb873299d69cb93de43f64756e92a1ae9d6e,2026-09-20T10:18:01+00:00,bergen,2024,sample_ballot,cache/bergen/2024/upper-saddle-river.pdf,200,application/pdf,506520,Upper-Saddle-River
https://www.bergencountyclerk.gov/_Content/pdf/voting/sample-ballots/2024-general/Waldwick.pdf,06e212a2333a1b2c5864e750058e689dd6329143e9c9e4d758cdd52ce7e0e0d2,2026-09-20T10:18:03+00:00,bergen,2024,sample_ballot,cache/bergen/2024/waldwick.pdf,200,application/pdf,506416,Waldwick
https://www.bergencountyclerk.gov/_Content/pdf/voting/sample-ballots/2024-general/Wallington.pdf,7e2b0214977c3cb99ee3837e960589bda4ee8e03df43ca38aeca60915f1267bd,2026-09-20T10:18:05+00:00,bergen,2024,sample_ballot,cache/bergen/2024/wallington.pdf,200,application/pdf,504679,Wallington
https://www.bergencountyclerk.gov/_Content/pdf/voting/sample-ballots/2024-general/Westwood.pdf,88d28624a770e4f5e811b15442d0c1a1b62fd062fa0df6556a99f6e899a0f046,2026-09-20T10:18:06+00:00,bergen,2024,sample_ballot,cache/bergen/2024/westwood.pdf,200,application/pdf,504999,Westwood
https://www.bergencountyclerk.gov/_Content/pdf/voting/sample-ballots/2024-general/WoodRidge.pdf,7dc25329be1f9703aaf00814ffbe9944aa2e5c726c88e0fef7695f36410a6c2a,2026-09-20T10:18:08+00:00,bergen,2024,sample_ballot,cache/bergen/2024/wood-ridge.pdf,200,application/pdf,504477,Wood-Ridge
https://www.bergencountyclerk.gov/_Content/pdf/voting/sample-ballots/2024-general/Woodcliff-Lake.pdf,cbbf53bcd7e1c7f42ded928d98a2c006fa7c98b855ef48ef7db06159c5207029,2026-09-20T10:18:09+00:00,bergen,2024,sample_ballot,cache/bergen/2024/woodcliff-lake.pdf,200,application/pdf,524739,Woodcliff-Lake
https://www.bergencountyclerk.gov/_Content/pdf/voting/sample-ballots/2024-general/Wyckoff.pdf,27c9cf896c308c8fb3693277d735e1450ab343e5a66ae2e0afd50f8f72721811,2026-09-20T10:18:11+00:00,bergen,2024,sample_ballot,cache/bergen/2024/wyckoff.pdf,200,application/pdf,508568,Wyckoff
https://www.bergencountyclerk.gov/_Content/pdf/voting/sample-ballots/2025/Bogota-Gen25.pdf,f732d00241ade3116e1f92889aa930878caefb520ff425d740c002e83ebe0b61,2026-09-20T10:18:12+00:00,bergen,2025,sample_ballot,cache/bergen/2025/bogota.pdf,200,application/pdf,410473,Bogota
https://www.bergencountyclerk.gov/_Content/pdf/voting/sample-ballots/2025/Carlstadt-Gen25.pdf,bb6f2385868121324818e799feb1382f22192235781ecdaf35db78ee3f33179b,2026-09-20T10:18:14+00:00,bergen,2025,sample_ballot,cache/bergen/2025/carlstadt.pdf,200,application/pdf,552471,Carlstadt
https://www.bergencountyclerk.gov/_Content/pdf/voting/sample-ballots/2025/Cliffside-Park-Gen25.pdf,ca879d33fac4747bb7823ddfef51752f9079f55d0e5aec8cb98715cf8c5cd012,2026-09-20T10:18:16+00:00,bergen,2025,sample_ballot,cache/bergen/2025/cliffside-park.pdf,200,application/pdf,403045,Cliffside-Park
https://www.bergencountyclerk.gov/_Content/pdf/voting/sample-ballots/2025/Closter-Gen25.pdf,0242efdfa18a9289a2b6759d2713cb1991356e2cee2ab1d5f7ed71099a8298d8,2026-09-20T10:18:17+00:00,bergen,2025,sample_ballot,cache/bergen/2025/closter.pdf,200,application/pdf,411721,Closter
https://www.bergencountyclerk.gov/_Content/pdf/voting/sample-ballots/2025/Cresskill-Gen25.pdf,19e82bfc3332ff255876567ba6fa2c4a7c11d6269e99c65fec18d9d481885bdc,2026-09-20T10:18:19+00:00,bergen,2025,sample_ballot,cache/bergen/2025/cresskill.pdf,200,application/pdf,412660,Cresskill
https://www.bergencountyclerk.gov/_Content/pdf/voting/sample-ballots/2025/Demarest-Gen25.pdf,a7f1ab8c84ade672f8a5d64582219239ff3dd5fce5f73249a377f0c4519c0fb4,2026-09-20T10:18:20+00:00,bergen,2025,sample_ballot,cache/bergen/2025/demarest.pdf,200,application/pdf,551111,Demarest
https://www.bergencountyclerk.gov/_Content/pdf/voting/sample-ballots/2025/Dumont-Gen25.pdf,e3ac7bb246bc62627067fe4f8a792b78a817be2b4aeb3682428712b26e64f5f9,2026-09-20T10:18:22+00:00,bergen,2025,sample_ballot,cache/bergen/2025/dumont.pdf,200,application/pdf,550291,Dumont
https://www.bergencountyclerk.gov/_Content/pdf/voting/sample-ballots/2025/East-Rutherford-Gen25.pdf,37ae95263ba7f92777b10ffea145c5d00cfcba07d5aacc939481ef74a61918f2,2026-09-20T10:18:23+00:00,bergen,2025,sample_ballot,cache/bergen/2025/east-rutherford.pdf,200,application/pdf,410772,East-Rutherford
https://www.bergencountyclerk.gov/_Content/pdf/voting/sample-ballots/2025/Edgewater-Gen25.pdf,f74679e2f3db194c85b7ad6312ebcf9c952510ae1dd8ea5649261ef59fa650c5,2026-09-20T10:18:25+00:00,bergen,2025,sample_ballot,cache/bergen/2025/edgewater.pdf,200,application/pdf,412506,Edgewater
https://www.bergencountyclerk.gov/_Content/pdf/voting/sample-ballots/2025/Elmwood-Park-Gen25.pdf,eb8f1a81051a924f5221804ef1111381f0ee559db42a8f278453721552832e6d,2026-09-20T10:18:26+00:00,bergen,2025,sample_ballot,cache/bergen/2025/elmwood-park.pdf,200,application/pdf,411340,Elmwood-Park
https://www.bergencountyclerk.gov/_Content/pdf/voting/sample-ballots/2025/Emerson-Gen25.pdf,a8172ecee7bea857b3e78bdba6f4f238402903fb082b7625d00985d481f6ef0d,2026-09-20T10:18:27+00:00,bergen,2025,sample_ballot,cache/bergen/2025/emerson.pdf,200,application/pdf,410801,Emerson
https://www.bergencountyclerk.gov/_Content/pdf/voting/sample-ballots/2025/Englewood-W1-Gen25.pdf,67f69bb8910bdbbe3771163ab25dd8a83f6a382e1b74da55d507adeae4a48b30,2026-09-20T10:18:29+00:00,bergen,2025,sample_ballot,cache/bergen/2025/englewood-w1.pdf,200,application/pdf,518551,Englewood
https://www.bergencountyclerk.gov/_Content/pdf/voting/sample-ballots/2025/Englewood-W2-Gen25.pdf,e00855609a849a4b84e80d38c3c8d8b6581d0648d872c40c3b52464af76d119c,2026-09-20T10:18:31+00:00,bergen,2025,sample_ballot,cache/bergen/2025/englewood-w2.pdf,200,application/pdf,518780,Englewood
https://www.bergencountyclerk.gov/_Content/pdf/voting/sample-ballots/2025/Englewood-W3-Gen25.pdf,87d3c65b172c1849f20942e77f7e8806e420a7d0db38395a88a3e162d43c3297,2026-09-20T10:18:32+00:00,bergen,2025,sample_ballot,cache/bergen/2025/englewood-w3.pdf,200,application/pdf,518861,Englewood
https://www.bergencountyclerk.gov/_Content/pdf/voting/sample-ballots/2025/Englewood-W4-Gen25.pdf,eee3d3680964f96e2e5f2655e676b94f697a79a3c8154e3699db1c101b35686e,2026-09-20T10:18:34+00:00,bergen,2025,sample_ballot,cache/bergen/2025/englewood-w4.pdf,200,application/pdf,518763,Englewood
https://www.bergencountyclerk.gov/_Content/pdf/voting/sample-ballots/2025/Englewood-Cliffs-Gen25.pdf,a2ea8f4e53f7014993753d3421e5d88cc86b34002956d1152863a4d6be63419e,2026-09-20T10:18:35+00:00,bergen,2025,sample_ballot,cache/bergen/2025/englewood-cliffs.pdf,200,application/pdf,410001,Englewood-Cliffs
https://www.bergencountyclerk.gov/_Content/pdf/voting/sample-ballots/2025/Fair-Lawn-Gen25.pdf,7294ac413f96cf02480809d8544695caf456689100c1a495b1c671ed5b3b4fa8,2026-09-20T10:18:37+00:00,bergen,2025,sample_ballot,cache/bergen/2025/fair-lawn.pdf,200,application/pdf,519667,Fair-Lawn
https://www.bergencountyclerk.gov/_Content/pdf/voting/sample-ballots/2025/Fairview-Gen25.pdf,7a8045491acf13b9b6b58cb42e0d10ebdace8df1b03001ed21ee54ac0c9f0d8a,2026-09-20T10:18:38+00:00,bergen,2025,sample_ballot,cache/bergen/2025/fairview.pdf,200,application/pdf,403173,Fairview
https://www.bergencountyclerk.gov/_Content/pdf/voting/sample-ballots/2025/Fort-Lee-Gen25.pdf,40c557fe9e258042134dd043b6e2fb9cb6262df25012a3ece600fa1460659c99,2026-09-20T10:18:39+00:00,bergen,2025,sample_ballot,cache/bergen/2025/fort-lee.pdf,200,application/pdf,410868,Fort-Lee
https://www.bergencountyclerk.gov/_Content/pdf/voting/sample-ballots/2025/Franklin-Lakes-Gen25.pdf,bd0e99c2b4b8bb95faec5312ac2a3089e394f2463eef9a8146cf9c95317b8f93,2026-09-20T10:18:41+00:00,bergen,2025,sample_ballot,cache/bergen/2025/franklin-lakes.pdf,200,application/pdf,411828,Franklin-Lakes
https://www.bergencountyclerk.gov/_Content/pdf/voting/sample-ballots/2025/Garfield-Gen25.pdf,5ff06bc2c43b6cd9e24a385acacfc752a908630bc8a2bbce37e4188e1abb9d9f,2026-09-20T10:18:42+00:00,bergen,2025,sample_ballot,cache/bergen/2025/garfield.pdf,200,application/pdf,404595,Garfield
https://www.bergencountyclerk.gov/_Content/pdf/voting/sample-ballots/2025/Glen-Rock-Gen25.pdf,97931fb66eb13d37049f3957cbd2c659a441392ca5547a2ba3853fd4d6203b58,2026-09-20T10:18:44+00:00,bergen,2025,sample_ballot,cache/bergen/2025/glen-rock.pdf,200,application/pdf,520131,Glen-Rock
https://www.bergencountyclerk.gov/_Content/pdf/voting/sample-ballots/2025/Hackensack-Gen25.pdf,0d81e2852e15207be17b53fc8967b6e5f85939f0d93bded07c939aede4cefc2a,2026-09-20T10:18:46+00:00,bergen,2025,sample_ballot,cache/bergen/2025/hackensack.pdf,200,application/pdf,409742,Hackensack
https://www.bergencountyclerk.gov/_Content/pdf/voting/sample-ballots/2025/Harrington-Park-Gen25.pdf,21c4313ad5cffd0be09fb08cdabc2e4c58f6cfd4c574fee64592492fa2ece545,2026-09-20T10:18:47+00:00,bergen,2025,sample_ballot,cache/bergen/2025/harrington-park.pdf,200,application/pdf,411546,Harrington-Park
https://www.bergencountyclerk.gov/_Content/pdf/voting/sample-ballots/2025/Hasbrouck-Heights-Gen25.pdf,fc9645cd596c16f8a7d0c70d7a37a70a56f536996968b1cced8a412093c3b4bc,2026-09-20T10:18:49+00:00,bergen,2025,sample_ballot,cache/bergen/2025/hasbrouck-heights.pdf,200,application/pdf,522189,Hasbrouck-Heights
https://www.bergencountyclerk.gov/_Content/pdf/voting/sample-ballots/2025/Haworth-Gen25.pdf,729cb77bcebe1288892a55334a4fe13511d5dd54b6de296347e0e9767d20d4f7,2026-09-20T10:18:51+00:00,bergen,2025,sample_ballot,cache/bergen/2025/haworth.pdf,200,application/pdf,414271,Haworth
https://www.bergencountyclerk.gov/_Content/pdf/voting/sample-ballots/2025/Hillsdale-Gen25.pdf,5ca4e72f08de438675620778730970253e29b906c5e3c510a7ac3d5b0692e8f2,2026-09-20T10:18:52+00:00,bergen,2025,sample_ballot,cache/bergen/2025/hillsdale.pdf,200,application/pdf,411124,Hillsdale
https://www.bergencountyclerk.gov/_Content/pdf/voting/sample-ballots/2025/Ho-Ho-Kus-Gen25.pdf,f1792c1b159a8a0ef67ca35010c0b800967cea33e98aa172182bd73228bc9b54,2026-09-20T10:18:54+00:00,bergen,2025,sample_ballot,cache/bergen/2025/ho-ho-kus.pdf,200,application/pdf,410746,Ho-Ho-Kus
https://www.bergencountyclerk.gov/_Content/pdf/voting/sample-ballots/2025/Leonia-Gen25.pdf,f8a40dc07d557d7cea238e38a178e3720df27c5329fc20d45a98d78f3277cd5f,2026-09-20T10:18:55+00:00,bergen,2025,sample_ballot,cache/bergen/2025/leonia.pdf,200,application/pdf,409351,Leonia
https://www.bergencountyclerk.gov/_Content/pdf/voting/sample-ballots/2025/Little-Ferry-Gen25.pdf,9c0f31cd91809cf64276e874f39278387279661f3f5b74e49e09ada9cb26ece9,2026-09-20T10:18:57+00:00,bergen,2025,sample_ballot,cache/bergen/2025/little-ferry.pdf,200,application/pdf,410318,Little-Ferry
https://www.bergencountyclerk.gov/_Content/pdf/voting/sample-ballots/2025/Lodi-Gen25.pdf,547168136d84d211594771524b61c62c92b1487036297fb0a09fc2cb0a31be46,2026-09-20T10:18:58+00:00,bergen,2025,sample_ballot,cache/bergen/2025/lodi.pdf,200,application/pdf,407539,Lodi
https://www.bergencountyclerk.gov/_Content/pdf/voting/sample-ballots/2025/Lyndhurst-Gen25.pdf,51a8b639cb03112a0ea588720e2bc7ce03d5cdcd366787bcd0a2fb51afe2dc47,2026-09-20T10:19:00+00:00,bergen,2025,sample_ballot,cache/bergen/2025/lyndhurst.pdf,200,application/pdf,410374,Lyndhurst
https://www.bergencountyclerk.gov/_Content/pdf/voting/sample-ballots/2025/Mahwah-Gen25.pdf,db31ee0f9c8efe088e48ac646a94b09e22015a16a9993dd09a39de80808f5b81,2026-09-20T10:19:02+00:00,bergen,2025,sample_ballot,cache/bergen/2025/mahwah.pdf,200,application/pdf,410084,Mahwah
https://www.bergencountyclerk.gov/_Content/pdf/voting/sample-ballots/2025/Maywood-Gen25.pdf,d50c2df8db92273b3fdd01694cfbfda1b9ba64f0ac0f6cc167acb1006ade0bf8,2026-09-20T10:19:03+00:00,bergen,2025,sample_ballot,cache/bergen/2025/maywood.pdf,200,application/pdf,410282,Maywood
https://www.bergencountyclerk.gov/_Content/pdf/voting/sample-ballots/2025/Midland-Park-Gen25.pdf,0afe6b02e4b02e18b1776e35c9dd020b8bc8f0b2e733893e3321f5a3128cd647,2026-09-20T10:19:05+00:00,bergen,2025,sample_ballot,cache/bergen/2025/midland-park.pdf,200,application/pdf,521259,Midland-Park
https://www.bergencountyclerk.gov/_Content/pdf/voting/sample-ballots/2025/Montvale-Gen25.pdf,7537282a8ed2c5239be9f4abde6607774764a7c554108a02ee7fdcabbf833e47,2026-09-20T10:19:06+00:00,bergen,2025,sample_ballot,cache/bergen/2025/montvale.pdf,200,application/pdf,410812,Montvale
https://www.bergencountyclerk.gov/_Content/pdf/voting/sample-ballots/2025/Moonachie-Gen25.pdf,d2ef134f850559a03072f1ab7058896d0f4655c5b5217abf266208ef652820bb,2026-09-20T10:19:08+00:00,bergen,2025,sample_ballot,cache/bergen/2025/moonachie.pdf,200,application/pdf,409025,Moonachie
https://www.bergencountyclerk.gov/_Content/pdf/voting/sample-ballots/2025/New-Milford-Gen25.pdf,4cd0c644af84dd8c7b6e38dc749497f368736098f23fa1e95572d400b53a598d,2026-09-20T10:19:09+00:00,bergen,2025,sample_ballot,cache/bergen/2025/new-milford.pdf,200,application/pdf,410203,New-Milford
https://www.bergencountyclerk.gov/_Content/pdf/voting/sample-ballots/2025/North-Arlington-Gen25.pdf,199f613a4309ac95009ab58c3817148399c319e8cb7cb11dd93225e06f7d0bee,2026-09-20T10:19:11+00:00,bergen,2025,sample_ballot,cache/bergen/2025/north-arlington.pdf,200,application/pdf,410793,North-Arlington
https://www.bergencountyclerk.gov/_Content/pdf/voting/sample-ballots/2025/Northvale-Gen25.pdf,ebef386a9a1eeeb4407d79ba31158c70428cee5b9787ad2a5e87a501499df27f,2026-09-20T10:19:12+00:00,bergen,2025,sample_ballot,cache/bergen/2025/northvale.pdf,200,application/pdf,411339,Northvale
https://www.bergencountyclerk.gov/_Content/pdf/voting/sample-ballots/2025/Norwood-Gen25.pdf,2c7664efb7aa64039ddb4d2624a0cb7eed0bf18c37714dc756b5d4571333ef08,2026-09-20T10:19:14+00:00,bergen,2025,sample_ballot,cache/bergen/2025/norwood.pdf,200,application/pdf,411765,Norwood
https://www.bergencountyclerk.gov/_Content/pdf/voting/sample-ballots/2025/Oakland-Gen25.pdf,e04554d2870a6164735f64a3985fe992cc7b6a381a87768b3c5602d18b5e8f9b,2026-09-20T10:19:15+00:00,bergen,2025,sample_ballot,cache/bergen/2025/oakland.pdf,200,application/pdf,410332,Oakland
https://www.bergencountyclerk.gov/_Content/pdf/voting/sample-ballots/2025/Old-Tappan-Gen25.pdf,232dc1b3b93eca8074ad211fddf11e1a9a4f87c01aa8adea294ee572cc440321,2026-09-20T10:19:17+00:00,bergen,2025,sample_ballot,cache/bergen/2025/old-tappan.pdf,200,application/pdf,410300,Old-Tappan
https://www.bergencountyclerk.gov/_Content/pdf/voting/sample-ballots/2025/Oradell-Gen25.pdf,c03760f84b361052eaf6693a3371bd0fc40741ac602b60bd95c7ec1ee77bd23a,2026-09-20T10:19:19+00:00,bergen,2025,sample_ballot,cache/bergen/2025/oradell.pdf,200,application/pdf,546798,Oradell
https://www.bergencountyclerk.gov/_Content/pdf/voting/sample-ballots/2025/Palisades-Park-Gen25.pdf,f015e7dca3ba08cdee42308096b8ec647900b0ddaef4098d2e4bf0d6539163d9,2026-09-20T10:19:20+00:00,bergen,2025,sample_ballot,cache/bergen/2025/palisades-park.pdf,200,application/pdf,409962,Palisades-Park
https://www.bergencountyclerk.gov/_Content/pdf/voting/sample-ballots/2025/Paramus-Gen25.pdf,3751b3983c64700d549f16a24c76ff59399e7a17919516df388f3b01735f9299,2026-09-20T10:19:22+00:00,bergen,2025,sample_ballot,cache/bergen/2025/paramus.pdf,200,application/pdf,519330,Paramus
https://www.bergencountyclerk.gov/_Content/pdf/voting/sample-ballots/2025/Park-Ridge-Gen25.pdf,5ee1f2e6074b38dbc17966c68536b29d4f9b286543679791811f4ac6cb0276ee,2026-09-20T10:19:24+00:00,bergen,2025,sample_ballot,cache/bergen/2025/park-ridge.pdf,200,application/pdf,1499892,Park-Ridge
https://www.bergencountyclerk.gov/_Content/pdf/voting/sample-ballots/2025/Ramsey-Gen25.pdf,8c382e8f7e150f54f9e396366f2cbd7642ab6f6c95cd4b1154517462810b1006,2026-09-20T10:19:26+00:00,bergen,2025,sample_ballot,cache/bergen/2025/ramsey.pdf,200,application/pdf,411025,Ramsey
https://www.bergencountyclerk.gov/_Content/pdf/voting/sample-ballots/2025/Ridgefield-Gen25.pdf,c5514331fa952bc12d37fe865c33294f8eeaf8d2ed049da432944e4bb588e72b,2026-09-20T10:19:27+00:00,bergen,2025,sample_ballot,cache/bergen/2025/ridgefield.pdf,200,application/pdf,411225,Ridgefield
https://www.bergencountyclerk.gov/_Content/pdf/voting/sample-ballots/2025/Ridgefield-Park-Gen25.pdf,e198f7bc184188203211e65aa5624fa2e8d308c57c85c9347bdebf7e9a5d320c,2026-09-20T10:19:28+00:00,bergen,2025,sample_ballot,cache/bergen/2025/ridgefield-park.pdf,200,application/pdf,409490,Ridgefield-Park
https://www.bergencountyclerk.gov/_Content/pdf/voting/sample-ballots/2025/Ridgewood-Gen25.pdf,bed641c24e9fb6b3f5a1932fd97c37d2573041fc07bd7114f66229af6f217422,2026-09-20T10:19:30+00:00,bergen,2025,sample_ballot,cache/bergen/2025/ridgewood.pdf,200,application/pdf,539056,Ridgewood
https://www.bergencountyclerk.gov/_Content/pdf/voting/sample-ballots/2025/River-Edge-Gen25.pdf,177172d0a4da4399c8942222d2d8ea1c334aba7cf33cce74a0eb2e7713e41516,2026-09-20T10:19:32+00:00,bergen,2025,sample_ballot,cache/bergen/2025/river-edge.pdf,200,application/pdf,410952,River-Edge
https://www.bergencountyclerk.gov/_Content/pdf/voting/sample-ballots/2025/River-Vale-Gen25.pdf,70e697062ee0a9692c6ff7e34f003335ddc28fdb12cc22bf329ffefdc54101a6,2026-09-20T10:19:34+00:00,bergen,2025,sample_ballot,cache/bergen/2025/river-vale.pdf,200,application/pdf,516864,River-Vale
https://www.bergencountyclerk.gov/_Content/pdf/voting/sample-ballots/2025/Rochelle-Park-Gen25.pdf,7f5681f127b15f1a8eb173708fc706147a708f5fa821ed6d93f399894fda1e9e,2026-09-20T10:19:35+00:00,bergen,2025,sample_ballot,cache/bergen/2025/rochelle-park.pdf,200,application/pdf,409426,Rochelle-Park
https://www.bergencountyclerk.gov/_Content/pdf/voting/sample-ballots/2025/Rockleigh-Gen25.pdf,adc2868518424bc832fea7828fc5d014c879d70948073ddb05f0a35e3e6a57d7,2026-09-20T10:19:37+00:00,bergen,2025,sample_ballot,cache/bergen/2025/rockleigh.pdf,200,application/pdf,404201,Rockleigh
https://www.bergencountyclerk.gov/_Content/pdf/voting/sample-ballots/2025/Rutherford-Gen25.pdf,f001688d9e38c8dfb68eafbdf78b3cb09b25d3f4d50478df0936cbc76259cb25,2026-09-20T10:19:38+00:00,bergen,2025,sample_ballot,cache/bergen/2025/rutherford.pdf,200,application/pdf,410518,Rutherford
https://www.bergencountyclerk.gov/_Content/pdf/voting/sample-ballots/2025/Saddle-Brook-Gen25.pdf,206ce06765f6a8ce5e87ad5ded5d70f62ada831f46dae0b7420d8da28478c5fc,2026-09-20T10:19:40+00:00,bergen,2025,sample_ballot,cache/bergen/2025/saddle-brook.pdf,200,application/pdf,514371,Saddle-Brook
https://www.bergencountyclerk.gov/_Content/pdf/voting/sample-ballots/2025/Saddle-River-Gen25.pdf,5d58d9c3e38067ef0c39392ceae48bf310a34918355bbb377701b2071a0e78ca,2026-09-20T10:19:42+00:00,bergen,2025,sample_ballot,cache/bergen/2025/saddle-river.pdf,200,application/pdf,410683,Saddle-River
https://www.bergencountyclerk.gov/_Content/pdf/voting/sample-ballots/2025/South-Hackensack-Gen25.pdf,a1e7e085f86ad4a950ad0a7f7e4a9a8690635c32dcd2c89c8d71be1f7afb6f2f,2026-09-20T10:19:43+00:00,bergen,2025,sample_ballot,cache/bergen/2025/south-hackensack.pdf,200,application/pdf,409603,South-Hackensack
https://www.bergencountyclerk.gov/_Content/pdf/voting/sample-ballots/2025/Teaneck-Gen25.pdf,840720e8f4aefa3425ac809ed91e9b283cb62486cd5114ac7d00d474e7899078,2026-09-20T10:19:45+00:00,bergen,2025,sample_ballot,cache/bergen/2025/teaneck.pdf,200,application/pdf,515871,Teaneck
https://www.bergencountyclerk.gov/_Content/pdf/voting/sample-ballots/2025/Tenafly-Gen25.pdf,1e73c47ddcf804a835ed85efd575121b0fe2eea075030b60a5923b2e52329d83,2026-09-20T10:19:46+00:00,bergen,2025,sample_ballot,cache/bergen/2025/tenafly.pdf,200,application/pdf,409539,Tenafly
https://www.bergencountyclerk.gov/_Content/pdf/voting/sample-ballots/2025/Teterboro-Gen25.pdf,94d0afdb0fcac19943fa4a61934549c6067865664c4cc41fe5cab3bd8b00d896,2026-09-20T10:19:48+00:00,bergen,2025,sample_ballot,cache/bergen/2025/teterboro.pdf,200,application/pdf,396335,Teterboro
https://www.bergencountyclerk.gov/_Content/pdf/voting/sample-ballots/2025/Township-of-Washington-Gen25.pdf,8433c1d8f7f4ad885c41b16f62c3722bd9bf8c06e88e0d6db1287d4aa46d7b4f,2026-09-20T10:19:49+00:00,bergen,2025,sample_ballot,cache/bergen/2025/township-of-washington.pdf,200,application/pdf,412008,Township-of-Washington
https://www.bergencountyclerk.gov/_Content/pdf/voting/sample-ballots/2025/Upper-Saddle-River-Gen25.pdf,7fa67520ef32310319d4065d47c833d7d8797b9ff8c28451b24336e5283b1eda,2026-09-20T10:19:51+00:00,bergen,2025,sample_ballot,cache/bergen/2025/upper-saddle-river.pdf,200,application/pdf,412773,Upper-Saddle-River
https://www.bergencountyclerk.gov/_Content/pdf/voting/sample-ballots/2025/Waldwick-Gen25.pdf,e741d86f9de41abff8f0ff2f07a4ce9cf607aad1ed04188726db77f9ab2bd4bf,2026-09-20T10:19:52+00:00,bergen,2025,sample_ballot,cache/bergen/2025/waldwick.pdf,200,application/pdf,410786,Waldwick
https://www.bergencountyclerk.gov/_Content/pdf/voting/sample-ballots/2025/Wallington-Gen25.pdf,8434bd3da2dfc165c82ae37f02a58a70153111a41a2d98ed3e5bfb6b3c2b01c3,2026-09-20T10:19:54+00:00,bergen,2025,sample_ballot,cache/bergen/2025/wallington.pdf,200,application/pdf,411296,Wallington
https://www.bergencountyclerk.gov/_Content/pdf/voting/sample-ballots/2025/Westwood-Gen25.pdf,173691d70e725a533e928249077692e60de50512138a4af24c168b8890ed3965,2026-09-20T10:19:56+00:00,bergen,2025,sample_ballot,cache/bergen/2025/westwood.pdf,200,application/pdf,411816,Westwood
https://www.bergencountyclerk.gov/_Content/pdf/voting/sample-ballots/2025/Wood-Ridge-Gen25.pdf,c70bdad0906bdd00e4e09d08a9066cda7e5ff78a6a7a6b958d233b6ffa6330cb,2026-09-20T10:19:57+00:00,bergen,2025,sample_ballot,cache/bergen/2025/wood-ridge.pdf,200,application/pdf,409610,Wood-Ridge
https://www.bergencountyclerk.gov/_Content/pdf/voting/sample-ballots/2025/Woodcliff-Lake-Gen25.pdf,cf211e1ae0350ae5d57d758ec797e9e077cbecdf74df0a0acced679caf189e66,2026-09-20T10:19:58+00:00,bergen,2025,sample_ballot,cache/bergen/2025/woodcliff-lake.pdf,200,application/pdf,412018,Woodcliff-Lake
https://www.bergencountyclerk.gov/_Content/pdf/voting/sample-ballots/2025/Wyckoff-Gen25.pdf,095676d87d67e9ff6835232217c5e5d9f82e5aed6801bc285e58b0b36049ba12,2026-09-20T10:20:00+00:00,bergen,2025,sample_ballot,cache/bergen/2025/wyckoff.pdf,200,application/pdf,412679,Wyckoff
https://www.bergencountyclerk.gov/_Content/pdf/voting/sample-ballots/2023/EnglewoodCliffs.pdf,,2026-09-20T10:26:30+00:00,bergen,2023,sample_ballot,,404,text/html,,Englewood-Cliffs
https://www.bergencountyclerk.gov/_Content/pdf/voting/sample-ballots/2025/Teaneck-Gen25.pdf,840720e8f4aefa3425ac809ed91e9b283cb62486cd5114ac7d00d474e7899078,2026-09-20T10:26:47+00:00,bergen,2025,sample_ballot,cache/bergen/2025/teaneck.pdf,200,application/pdf,515871,Teaneck
https://www.atlanticcountyclerk.org/wp-content/uploads/2026/08/Official-2026-School-Board-Candidates-List-8-13-26.pdf,6be3fc4bba3a5b247d22b1acd679710156a85f909567049f9bfb66a357800cd2,2026-09-21T10:15:49+00:00,atlantic,2026,candidate_list,cache/atlantic/2026/school-board-candidates.pdf,200,application/pdf,140358,
https://www.atlanticcountyclerk.org/wp-content/uploads/2026/08/Candidates-List-2026-General-8-12-26-1.pdf,1be102893c8f2144b7f444876967fdd7cc2ecb131967619523562b55660574f7,2026-09-21T10:15:51+00:00,atlantic,2026,candidate_list,cache/atlantic/2026/general-candidates.pdf,200,application/pdf,152384,
https://www.co.burlington.nj.us/DocumentCenter/View/26096/Burlington-Samples-ALL-Gen26,c76aa90612f0d959fc2ff086ea38e704592e7f5cc36993aa5fd9e8c9a1525f82,2026-09-21T10:15:59+00:00,burlington,2026,sample_ballot,cache/burlington/2026/sample-ballots.pdf,200,application/pdf,8939873,
https://www.co.burlington.nj.us/DocumentCenter/View/22581/Burlington-County-2025-General-Election-Sample-Ballots-PDF,12c151947475d55c05b7009be1856daec31aa22411a62572ddab60086a4c549c,2026-09-21T10:16:13+00:00,burlington,2025,sample_ballot,cache/burlington/2025/sample-ballots.pdf,200,application/pdf,12458435,
https://unioncountyvotes.com/wp-content/uploads/2026/08/School-Board-2026-Candidate-List-8-12-26_.pdf,90656d33ff48358ae2ab26d059684c5872a9d788b77f6f9b67cde1b3b6406835,2026-09-21T10:18:20+00:00,union,2026,candidate_list,cache/union/2026/school-board-candidates.pdf,200,application/pdf,251309,
https://unioncountyvotes.com/wp-content/uploads/2026/09/GENERAL-2026-CANDIDATE-LIST-9-3.pdf,4bfe4f18ca7d5459a36b367c447163c846d036433aa564759481a16a98f834fd,2026-09-21T10:18:21+00:00,union,2026,candidate_list,cache/union/2026/general-candidates.pdf,200,application/pdf,457723,
https://salemcountyclerk.org/wp-content/uploads/2026/08/Alloway-F01_Optimized.pdf,79b2da7aa148d46853a339cf681e46d012590fda7be5f1f456569492df38f81b,2026-09-21T10:22:23+00:00,salem,2026,sample_ballot,cache/salem/2026/alloway.pdf,200,application/pdf,220728,Alloway
https://salemcountyclerk.org/wp-content/uploads/2026/08/Carneys-Point-F02_Optimized.pdf,9415316a2dc08918858a21f755b49c07f15d0b4af3b705ae2990d306efc30f2b,2026-09-21T10:22:25+00:00,salem,2026,sample_ballot,cache/salem/2026/carneys-point.pdf,200,application/pdf,221752,Carneys-Point
https://salemcountyclerk.org/wp-content/uploads/2026/08/Elmer-F03_Optimized.pdf,a3c7c03ef1d5314fdd8f2420147235de735fbc8a167da5ada2f0b6597b58b473,2026-09-21T10:22:26+00:00,salem,2026,sample_ballot,cache/salem/2026/elmer.pdf,200,application/pdf,221891,Elmer
https://salemcountyclerk.org/wp-content/uploads/2026/08/Elsinboro-F04_Optimized.pdf,ca67575880c6f24a60b687eba78d86bb956fc6cc072ad038ed0973f2b0d24f3f,2026-09-21T10:22:28+00:00,salem,2026,sample_ballot,cache/salem/2026/elsinboro.pdf,200,application/pdf,220837,Elsinboro
https://salemcountyclerk.org/wp-content/uploads/2026/08/Lower-Alloways-Creek-F05_Optimized.pdf,b260383e613fe4994c39e3860333ac8ebf7ff7db0cedd86f9ec9177e548d429f,2026-09-21T10:22:30+00:00,salem,2026,sample_ballot,cache/salem/2026/lower-alloways-creek.pdf,200,application/pdf,221361,Lower-Alloways-Creek
https://salemcountyclerk.org/wp-content/uploads/2026/08/Mannington-F06_Optimized.pdf,d7513e0f01bdf7d13bce7f48c3d4aaaded2e6398832c3e26f8c58328f5e82453,2026-09-21T10:22:31+00:00,salem,2026,sample_ballot,cache/salem/2026/mannington.pdf,200,application/pdf,220433,Mannington
https://salemcountyclerk.org/wp-content/uploads/2026/08/Oldmans-F07_Optimized.pdf,0917a5ade1a7f2c6e5dad96d7781c4f869ad528d07cdefcc87fa60bee82fdc4a,2026-09-21T10:22:33+00:00,salem,2026,sample_ballot,cache/salem/2026/oldmans.pdf,200,application/pdf,220953,Oldmans
https://salemcountyclerk.org/wp-content/uploads/2026/08/Penns-Grove-F08_Optimized.pdf,23abd39c41cddc059e68827dc4018ab76fcaeccac9b3dd84f9b176e91ed02042,2026-09-21T10:22:34+00:00,salem,2026,sample_ballot,cache/salem/2026/penns-grove.pdf,200,application/pdf,221360,Penns-Grove
https://salemcountyclerk.org/wp-content/uploads/2026/08/Pennsville-F09_Optimized.pdf,7adbc631bd8bfda5a448225374882ce1eb6de23903bef8323ea0b0453565b302,2026-09-21T10:22:36+00:00,salem,2026,sample_ballot,cache/salem/2026/pennsville.pdf,200,application/pdf,220971,Pennsville
https://salemcountyclerk.org/wp-content/uploads/2026/08/Pilesgrove-F10_Optimized.pdf,2a6daf84c3175ac593fbe191cf2c8ce655bd304bf60a5cf61a122758c1362acd,2026-09-21T10:22:38+00:00,salem,2026,sample_ballot,cache/salem/2026/pilesgrove.pdf,200,application/pdf,220928,Pilesgrove
https://salemcountyclerk.org/wp-content/uploads/2026/08/Pittsgrove-F11_Optimized.pdf,e07674a73d4aa4dc50c87faa391fb9d52ad1e84d0f4e025c715d100943f48149,2026-09-21T10:22:39+00:00,salem,2026,sample_ballot,cache/salem/2026/pittsgrove.pdf,200,application/pdf,222147,Pittsgrove
https://salemcountyclerk.org/wp-content/uploads/2026/08/Quinton-F12_Optimized.pdf,9fef77b7a87cf1bf7424dd488bcec52288aa410980fc8877e3792b9143a00c9d,2026-09-21T10:22:41+00:00,salem,2026,sample_ballot,cache/salem/2026/quinton.pdf,200,application/pdf,221158,Quinton
https://salemcountyclerk.org/wp-content/uploads/2026/08/Salem-City-East-F13_Optimized.pdf,d6aa6565fb1c5b48f1fc2cf90fc563db2f94dfbbe76cff09d7c898eb309b297e,2026-09-21T10:22:43+00:00,salem,2026,sample_ballot,cache/salem/2026/salem-city-east.pdf,200,application/pdf,221077,Salem-City-East
https://salemcountyclerk.org/wp-content/uploads/2026/08/Salem-City-West-F14_Optimized.pdf,d9b6c0eb594a29b5ceb85e95e643c245ea5166cf14c50958985e829ddd2f78c4,2026-09-21T10:22:44+00:00,salem,2026,sample_ballot,cache/salem/2026/salem-city-west.pdf,200,application/pdf,221099,Salem-City-West
https://salemcountyclerk.org/wp-content/uploads/2026/08/Upper-Pittsgrove-F15_Optimized.pdf,3281e019fa8e66ac26955d1c6399909f439f9fe39ef0af717e44a640de31d9d8,2026-09-21T10:22:46+00:00,salem,2026,sample_ballot,cache/salem/2026/upper-pittsgrove.pdf,200,application/pdf,221454,Upper-Pittsgrove
https://salemcountyclerk.org/wp-content/uploads/2026/08/Woodstown-F16_Optimized.pdf,911c9e72103a0905fd0a72943aaaf9231445c34d761359a5edd89dbc6e3907aa,2026-09-21T10:22:48+00:00,salem,2026,sample_ballot,cache/salem/2026/woodstown.pdf,200,application/pdf,221560,Woodstown
https://www.gloucestercountynj.gov/DocumentCenter/View/19494/West-Deptford-Township-District-2-UOCAVA-GENERAL-26,811df96b5223740add3e7c16bb9b2c0b07f1bf81f0b29b56dfc702b32bf8bdc9,2026-09-21T10:22:49+00:00,gloucester,2026,sample_ballot,cache/gloucester/2026/west-deptford-township-district-2.pdf,200,application/pdf,106274,West Deptford Township District 2
https://www.gloucestercountynj.gov/DocumentCenter/View/19495/West-Deptford-Township-District-3-UOCAVA-GENERAL-26,0f07a367c6dbd59bb9c14da4a802891a95549479d4cc2213e690c6c4f105b7ab,2026-09-21T10:22:50+00:00,gloucester,2026,sample_ballot,cache/gloucester/2026/west-deptford-township-district-3.pdf,200,application/pdf,106293,West Deptford Township District 3
https://www.gloucestercountynj.gov/DocumentCenter/View/19496/West-Deptford-Township-District-4-UOCAVA-GENERAL-26,6a2178b5b0b814b039416175e5c5bf14c55ba621858c7a347aead6de422d9b59,2026-09-21T10:22:51+00:00,gloucester,2026,sample_ballot,cache/gloucester/2026/west-deptford-township-district-4.pdf,200,application/pdf,106273,West Deptford Township District 4
https://www.gloucestercountynj.gov/DocumentCenter/View/19497/West-Deptford-Township-District-5-UOCAVA-GENERAL-26,648833179de7fb84d341be3b2e01ae64cccc2218b229debbad066c2e5f7fa465,2026-09-21T10:22:52+00:00,gloucester,2026,sample_ballot,cache/gloucester/2026/west-deptford-township-district-5.pdf,200,application/pdf,106273,West Deptford Township District 5
https://www.gloucestercountynj.gov/DocumentCenter/View/19498/West-Deptford-Township-District-6-UOCAVA-GENERAL-26,f431a65b902bacd073abf853045a6cbc3b18dfb4f0a4130c58fd4b75be101f15,2026-09-21T10:22:54+00:00,gloucester,2026,sample_ballot,cache/gloucester/2026/west-deptford-township-district-6.pdf,200,application/pdf,106276,West Deptford Township District 6
https://www.gloucestercountynj.gov/DocumentCenter/View/19499/West-Deptford-Township-District-7-UOCAVA-GENERAL-26,d4cf3a7cec7436a6425a6bca971902acd3cc04c4b31b9eeb16d03247164a0e76,2026-09-21T10:22:55+00:00,gloucester,2026,sample_ballot,cache/gloucester/2026/west-deptford-township-district-7.pdf,200,application/pdf,106276,West Deptford Township District 7
https://www.gloucestercountynj.gov/DocumentCenter/View/19500/West-Deptford-Township-District-8-UOCAVA-GENERAL-26,ebb347ba2ea631136a3aa05608974e1de9b51676de2182d781415c24d019e406,2026-09-21T10:22:56+00:00,gloucester,2026,sample_ballot,cache/gloucester/2026/west-deptford-township-district-8.pdf,200,application/pdf,106272,West Deptford Township District 8
https://www.gloucestercountynj.gov/DocumentCenter/View/19501/West-Deptford-Township-District-9-UOCAVA-GENERAL-26,4068e05dba0dbeb574b4df147f1c52333407fce7a83db0856666e087b7f7b2f7,2026-09-21T10:22:57+00:00,gloucester,2026,sample_ballot,cache/gloucester/2026/west-deptford-township-district-9.pdf,200,application/pdf,106273,West Deptford Township District 9
https://www.gloucestercountynj.gov/DocumentCenter/View/19502/West-Deptford-Township-District-17-UOCAVA-GENERAL-26,c6bef6f877c88c793ff7716a8709741d03cfdad2aa8e02787d64deda69a45515,2026-09-21T10:22:58+00:00,gloucester,2026,sample_ballot,cache/gloucester/2026/west-deptford-township-district-17.pdf,200,application/pdf,106284,West Deptford Township District 17
https://www.gloucestercountynj.gov/DocumentCenter/View/19503/West-Deptford-Township-District-18-UOCAVA-GENERAL-26,064806c245e872246899a999712c8557870b5cb4c5b8f01e4ab84beff73c9133,2026-09-21T10:23:00+00:00,gloucester,2026,sample_ballot,cache/gloucester/2026/west-deptford-township-district-18.pdf,200,application/pdf,106280,West Deptford Township District 18
https://www.gloucestercountynj.gov/DocumentCenter/View/19504/West-Deptford-Township-District-19-UOCAVA-GENERAL-26,3e5fa2e535d3b11c246126fb0cde0cccadde653407b58144de0ef5c5e8aa4a60,2026-09-21T10:23:01+00:00,gloucester,2026,sample_ballot,cache/gloucester/2026/west-deptford-township-district-19.pdf,200,application/pdf,106281,West Deptford Township District 19
https://www.gloucestercountynj.gov/DocumentCenter/View/19505/West-Deptford-Township-District-1-UOCAVA-GENERAL-26,a80a617e26a4be768da449d77a78af24c593a10fc460646049f9c97d17e2d253,2026-09-21T10:23:02+00:00,gloucester,2026,sample_ballot,cache/gloucester/2026/west-deptford-township-district-1.pdf,200,application/pdf,106274,West Deptford Township District 1
https://www.gloucestercountynj.gov/DocumentCenter/View/19506/West-Deptford-Township-District-10-UOCAVA-GENERAL-26,6adfd40d0a65afe9b656c746a69ec1d8428a04f2f9ea3daf20085a49728aa0a7,2026-09-21T10:23:03+00:00,gloucester,2026,sample_ballot,cache/gloucester/2026/west-deptford-township-district-10.pdf,200,application/pdf,106284,West Deptford Township District 10
https://www.gloucestercountynj.gov/DocumentCenter/View/19507/West-Deptford-Township-District-11-UOCAVA-GENERAL-26,6b2d40e3a23133949d69ea1bde09636e4142e388fba1a6f2686c715ef653f4fb,2026-09-21T10:23:05+00:00,gloucester,2026,sample_ballot,cache/gloucester/2026/west-deptford-township-district-11.pdf,200,application/pdf,106286,West Deptford Township District 11
https://www.gloucestercountynj.gov/DocumentCenter/View/19508/West-Deptford-Township-District-12-UOCAVA-GENERAL-26,6d237a81bc6d13fc49f1b0cc2d8e17e286b0811fa630c207bb1d2c4db808f84d,2026-09-21T10:23:06+00:00,gloucester,2026,sample_ballot,cache/gloucester/2026/west-deptford-township-district-12.pdf,200,application/pdf,106279,West Deptford Township District 12
https://www.gloucestercountynj.gov/DocumentCenter/View/19509/West-Deptford-Township-District-13-UOCAVA-GENERAL-26,31e1fa05989be151845698113c5c058651b84c2dd67a9e7b6259c9af6a903ee7,2026-09-21T10:23:07+00:00,gloucester,2026,sample_ballot,cache/gloucester/2026/west-deptford-township-district-13.pdf,200,application/pdf,106283,West Deptford Township District 13
https://www.gloucestercountynj.gov/DocumentCenter/View/19510/West-Deptford-Township-District-14-UOCAVA-GENERAL-26,baad3144dbbae4f19308a632d42f016ccec7a7671337e869724d51863e88979e,2026-09-21T10:23:08+00:00,gloucester,2026,sample_ballot,cache/gloucester/2026/west-deptford-township-district-14.pdf,200,application/pdf,106278,West Deptford Township District 14
https://www.gloucestercountynj.gov/DocumentCenter/View/19511/West-Deptford-Township-District-15-UOCAVA-GENERAL-26,74d66cab2a000b6bb7c14162edfe043123e386aa13aede0b245db2f33a11f94f,2026-09-21T10:23:09+00:00,gloucester,2026,sample_ballot,cache/gloucester/2026/west-deptford-township-district-15.pdf,200,application/pdf,106282,West Deptford Township District 15
https://www.gloucestercountynj.gov/DocumentCenter/View/19512/West-Deptford-Township-District-16-UOCAVA-GENERAL-26,28eaa0d5ca544df90af782156ae40e7a0fdc718d705146c029b3b91e2679e96b,2026-09-21T10:23:11+00:00,gloucester,2026,sample_ballot,cache/gloucester/2026/west-deptford-township-district-16.pdf,200,application/pdf,106279,West Deptford Township District 16
https://www.gloucestercountynj.gov/DocumentCenter/View/19513/Westville-Borough-District-1-UOCAVA-GENERAL-26,dc347e448d629241219addc99ca5cad987b6ef623a30680b54d2b1503fed19aa,2026-09-21T10:23:12+00:00,gloucester,2026,sample_ballot,cache/gloucester/2026/westville-borough-district-1.pdf,200,application/pdf,109135,Westville Borough District 1
https://www.gloucestercountynj.gov/DocumentCenter/View/19514/Westville-Borough-District-2-UOCAVA-GENERAL-26,ac847216d1e5d6e62f4f74ae21bb4b09973be647d3572b61c4f9ee4869d6f201,2026-09-21T10:23:13+00:00,gloucester,2026,sample_ballot,cache/gloucester/2026/westville-borough-district-2.pdf,200,application/pdf,109127,Westville Borough District 2
https://www.gloucestercountynj.gov/DocumentCenter/View/19515/Westville-Borough-District-3-UOCAVA-GENERAL-26,9fde3c2b21cd5ed301af7e2c72888c7c17df4e9324bf529f5def63289d95bd40,2026-09-21T10:23:14+00:00,gloucester,2026,sample_ballot,cache/gloucester/2026/westville-borough-district-3.pdf,200,application/pdf,109136,Westville Borough District 3
https://www.gloucestercountynj.gov/DocumentCenter/View/19516/Woodbury-Heights-Borough-District-1-UOCAVA-GENERAL-26,8748b3e9f50c2a57c2dc06a66616d2c2f745cb8b60ed134a209d5f3fc7acd0ce,2026-09-21T10:23:15+00:00,gloucester,2026,sample_ballot,cache/gloucester/2026/woodbury-heights-borough-district-1.pdf,200,application/pdf,108121,Woodbury Heights Borough District 1
https://www.gloucestercountynj.gov/DocumentCenter/View/19517/Woodbury-Heights-Borough-District-2-UOCAVA-GENERAL-26,715342c77e34de9d076d9a4dee50575f12773c62fdbac5dbbee2373760d48dd8,2026-09-21T10:23:17+00:00,gloucester,2026,sample_ballot,cache/gloucester/2026/woodbury-heights-borough-district-2.pdf,200,application/pdf,108121,Woodbury Heights Borough District 2
https://www.gloucestercountynj.gov/DocumentCenter/View/19518/Woodbury-Heights-Borough-District-3-UOCAVA-GENERAL-26,b6b43aca120c90bfd28805ed1212e03eac7947b41f953c1ea23cc144ef1d6f1f,2026-09-21T10:23:18+00:00,gloucester,2026,sample_ballot,cache/gloucester/2026/woodbury-heights-borough-district-3.pdf,200,application/pdf,108120,Woodbury Heights Borough District 3
https://www.gloucestercountynj.gov/DocumentCenter/View/19519/Woodbury-Heights-Borough-District-4-UOCAVA-GENERAL-26,c3f0dabf1a390e45f3046adb5e86437bdb7729f3ba30702e80de4d1902c3ab0b,2026-09-21T10:23:19+00:00,gloucester,2026,sample_ballot,cache/gloucester/2026/woodbury-heights-borough-district-4.pdf,200,application/pdf,108134,Woodbury Heights Borough District 4
https://www.gloucestercountynj.gov/DocumentCenter/View/19520/Woodbury-City-Ward-1-District-1-UOCAVA-GENERAL-26,9365ea34a0c73b16ecdde14ba31f2fd74a6d7efd4678e98a94a99bfc06d25167,2026-09-21T10:23:20+00:00,gloucester,2026,sample_ballot,cache/gloucester/2026/woodbury-city-ward-1-district-1.pdf,200,application/pdf,106285,Woodbury City Ward 1 District 1
https://www.gloucestercountynj.gov/DocumentCenter/View/19521/Woodbury-City-Ward-1-District-2-UOCAVA-GENERAL-26,61477d1500a483ab3fa27e0057c9538db41061b53b62cf3c14b2a2389593d95f,2026-09-21T10:23:22+00:00,gloucester,2026,sample_ballot,cache/gloucester/2026/woodbury-city-ward-1-district-2.pdf,200,application/pdf,106273,Woodbury City Ward 1 District 2
https://www.gloucestercountynj.gov/DocumentCenter/View/19522/Woodbury-City-Ward-1-District-3-UOCAVA-GENERAL-26,503964b34e077632f0ec1c9e5a8fa361c71fb6274a0c8c630d2f240e4e4d8ac2,2026-09-21T10:23:23+00:00,gloucester,2026,sample_ballot,cache/gloucester/2026/woodbury-city-ward-1-district-3.pdf,200,application/pdf,106273,Woodbury City Ward 1 District 3
https://www.gloucestercountynj.gov/DocumentCenter/View/19523/Woodbury-City-Ward-2-District-1-UOCAVA-GENERAL-26,5d1513a247580bc5109515d1e8150bb6412fb5e39a187622d239c33644aae6ac,2026-09-21T10:23:24+00:00,gloucester,2026,sample_ballot,cache/gloucester/2026/woodbury-city-ward-2-district-1.pdf,200,application/pdf,106512,Woodbury City Ward 2 District 1
https://www.gloucestercountynj.gov/DocumentCenter/View/19524/Woodbury-City-Ward-2-District-2-UOCAVA-GENERAL-26,f5e42b524b240d9294447398311cfd9757f6e0f49343e2e89b9f2146267e1c4c,2026-09-21T10:23:25+00:00,gloucester,2026,sample_ballot,cache/gloucester/2026/woodbury-city-ward-2-district-2.pdf,200,application/pdf,106509,Woodbury City Ward 2 District 2
https://www.gloucestercountynj.gov/DocumentCenter/View/19525/Woodbury-City-Ward-2-District-3-UOCAVA-GENERAL-26,eb03e94e22cceb17821561cc8f74b04cf3ec11fd6415587d22780ded8431aefe,2026-09-21T10:23:27+00:00,gloucester,2026,sample_ballot,cache/gloucester/2026/woodbury-city-ward-2-district-3.pdf,200,application/pdf,106512,Woodbury City Ward 2 District 3
https://www.gloucestercountynj.gov/DocumentCenter/View/19526/Woodbury-City-Ward-3-District-1-UOCAVA-GENERAL-26,5ec2ad408a492dfc2eeae74fb7299981bee00088bcdcc9d2cf9547621a638bc3,2026-09-21T10:23:28+00:00,gloucester,2026,sample_ballot,cache/gloucester/2026/woodbury-city-ward-3-district-1.pdf,200,application/pdf,106248,Woodbury City Ward 3 District 1
https://www.gloucestercountynj.gov/DocumentCenter/View/19527/Woodbury-City-Ward-3-District-2-UOCAVA-GENERAL-26,173987155f4e1a56e21e382ada42f1ba3865402898e152b4c37215fe7d8938d0,2026-09-21T10:23:29+00:00,gloucester,2026,sample_ballot,cache/gloucester/2026/woodbury-city-ward-3-district-2.pdf,200,application/pdf,106259,Woodbury City Ward 3 District 2
https://www.gloucestercountynj.gov/DocumentCenter/View/19528/Woodbury-City-Ward-3-District-3-UOCAVA-GENERAL-26,4958a8398f29c10a8d7afc90ac17aee926397c9eab60571ec5f95536c1f07d42,2026-09-21T10:23:30+00:00,gloucester,2026,sample_ballot,cache/gloucester/2026/woodbury-city-ward-3-district-3.pdf,200,application/pdf,106246,Woodbury City Ward 3 District 3
https://www.gloucestercountynj.gov/DocumentCenter/View/19529/Woodbury-City-Ward-3-District-4-UOCAVA-GENERAL-26,eb20d284bb30bfdd05c8d5ce03c93767b1d21ce2db3a56229660ffe5f74dd2f4,2026-09-21T10:23:31+00:00,gloucester,2026,sample_ballot,cache/gloucester/2026/woodbury-city-ward-3-district-4.pdf,200,application/pdf,106247,Woodbury City Ward 3 District 4
https://www.gloucestercountynj.gov/DocumentCenter/View/19530/Woolwich-Township-District-1-UOCAVA-GENERAL-26,da5467a778f5511b7fc1b4503584fd9a40147ae1678bfd379dca50027d625e64,2026-09-21T10:23:33+00:00,gloucester,2026,sample_ballot,cache/gloucester/2026/woolwich-township-district-1.pdf,200,application/pdf,108170,Woolwich Township District 1
https://www.gloucestercountynj.gov/DocumentCenter/View/19531/Woolwich-Township-District-2-UOCAVA-GENERAL-26,031a447ad3b955863ae0dc5a7699639915d5f19110a54c4f86cd8930cd296ba5,2026-09-21T10:23:34+00:00,gloucester,2026,sample_ballot,cache/gloucester/2026/woolwich-township-district-2.pdf,200,application/pdf,108183,Woolwich Township District 2
https://www.gloucestercountynj.gov/DocumentCenter/View/19532/Woolwich-Township-District-3-UOCAVA-GENERAL-26,94223ee85b6675bcba0c8b5995434bc39246a59c40d27470d96890c2560edb3a,2026-09-21T10:23:35+00:00,gloucester,2026,sample_ballot,cache/gloucester/2026/woolwich-township-district-3.pdf,200,application/pdf,108171,Woolwich Township District 3
https://www.gloucestercountynj.gov/DocumentCenter/View/19533/Woolwich-Township-District-4-UOCAVA-GENERAL-26,7ebdb2028c59ba4d0eecf3b3eb523d7dfdb190059272a1d2c00de224602e083a,2026-09-21T10:23:36+00:00,gloucester,2026,sample_ballot,cache/gloucester/2026/woolwich-township-district-4.pdf,200,application/pdf,108171,Woolwich Township District 4
https://www.gloucestercountynj.gov/DocumentCenter/View/19534/Woolwich-Township-District-5-UOCAVA-GENERAL-26,aee8d22922e4e5f5e96e8674377e636dca4e3dc3112058e2938e2482f15741ce,2026-09-21T10:23:37+00:00,gloucester,2026,sample_ballot,cache/gloucester/2026/woolwich-township-district-5.pdf,200,application/pdf,108172,Woolwich Township District 5
https://www.gloucestercountynj.gov/DocumentCenter/View/19535/Woolwich-Township-District-6-UOCAVA-GENERAL-26,cf76d220e9e5037c483f9beb3d8a3236db1c6c24042636799ce6e115696c2ba0,2026-09-21T10:23:39+00:00,gloucester,2026,sample_ballot,cache/gloucester/2026/woolwich-township-district-6.pdf,200,application/pdf,108168,Woolwich Township District 6
https://www.gloucestercountynj.gov/DocumentCenter/View/19536/Woolwich-Township-District-7-UOCAVA-GENERAL-26,53ab4368204a7d833543d85c4d75909f5f75e825169e8a03c69e980278284f44,2026-09-21T10:23:40+00:00,gloucester,2026,sample_ballot,cache/gloucester/2026/woolwich-township-district-7.pdf,200,application/pdf,108173,Woolwich Township District 7
https://www.gloucestercountynj.gov/DocumentCenter/View/19537/Woolwich-Township-District-8-UOCAVA-GENERAL-26,0369bab4d1b1bfca150f08a1db665b0998ef84956f817df0d5ba20b96412a851,2026-09-21T10:23:41+00:00,gloucester,2026,sample_ballot,cache/gloucester/2026/woolwich-township-district-8.pdf,200,application/pdf,108186,Woolwich Township District 8
https://www.gloucestercountynj.gov/DocumentCenter/View/19538/Monroe-Township-Ward-4-District-3-UOCAVA-GENERAL-26,ce3d50bd3ebe33a6e831c40005a4e04d3bc04647ab7d784db94cb42d0ecf679e,2026-09-21T10:23:42+00:00,gloucester,2026,sample_ballot,cache/gloucester/2026/monroe-township-ward-4-district-3.pdf,200,application/pdf,107815,Monroe Township Ward 4 District 3
https://www.gloucestercountynj.gov/DocumentCenter/View/19539/Monroe-Township-Ward-4-District-4-UOCAVA-GENERAL-26,b5cbded45ce178995b2cc6b94566af0703f849852db52d7a48d862a36606201a,2026-09-21T10:23:43+00:00,gloucester,2026,sample_ballot,cache/gloucester/2026/monroe-township-ward-4-district-4.pdf,200,application/pdf,107814,Monroe Township Ward 4 District 4
https://www.gloucestercountynj.gov/DocumentCenter/View/19540/Monroe-Township-Ward-4-District-5-UOCAVA-GENERAL-26,a90084f6abef1fbc3ecb35d22145c5461463a922170015418fd5572439bee63a,2026-09-21T10:23:45+00:00,gloucester,2026,sample_ballot,cache/gloucester/2026/monroe-township-ward-4-district-5.pdf,200,application/pdf,107837,Monroe Township Ward 4 District 5
https://www.gloucestercountynj.gov/DocumentCenter/View/19541/Monroe-Township-Ward-4-District-8-UOCAVA-GENERAL-26,9bd488edf60de2e5bb2279b6d52420648da19f08962d6da80d236e3fb159e991,2026-09-21T10:23:46+00:00,gloucester,2026,sample_ballot,cache/gloucester/2026/monroe-township-ward-4-district-8.pdf,200,application/pdf,107834,Monroe Township Ward 4 District 8
https://www.gloucestercountynj.gov/DocumentCenter/View/19542/Monroe-Township-Ward-4-District-11-UOCAVA-GENERAL-26,c3785bb5e3fae9d9e2b9a3f6a8e7944c241d299c35c8c8282035f128806581cb,2026-09-21T10:23:47+00:00,gloucester,2026,sample_ballot,cache/gloucester/2026/monroe-township-ward-4-district-11.pdf,200,application/pdf,107837,Monroe Township Ward 4 District 11
https://www.gloucestercountynj.gov/DocumentCenter/View/19543/Monroe-Township-Ward-4-District-15-UOCAVA-GENERAL-26,d963869b78e1490809a24ff9713bca53f69d0671d22737087db41d14a96b90fa,2026-09-21T10:23:48+00:00,gloucester,2026,sample_ballot,cache/gloucester/2026/monroe-township-ward-4-district-15.pdf,200,application/pdf,107836,Monroe Township Ward 4 District 15
https://www.gloucestercountynj.gov/DocumentCenter/View/19544/Monroe-Township-Ward-4-District-21-UOCAVA-GENERAL-26,41bc3a1334232a180b8ad050464ef9e835f5f663685e2e70412deda404316172,2026-09-21T10:23:50+00:00,gloucester,2026,sample_ballot,cache/gloucester/2026/monroe-township-ward-4-district-21.pdf,200,application/pdf,107852,Monroe Township Ward 4 District 21
https://www.gloucestercountynj.gov/DocumentCenter/View/19545/Monroe-Township-Ward-4-District-25-UOCAVA-GENERAL-26,858a72460859c00ebb334436f16ebfad5cc47bd6a2f975b317b44c1afa6893db,2026-09-21T10:23:51+00:00,gloucester,2026,sample_ballot,cache/gloucester/2026/monroe-township-ward-4-district-25.pdf,200,application/pdf,107837,Monroe Township Ward 4 District 25
https://www.gloucestercountynj.gov/DocumentCenter/View/19546/National-Park-Borough-District-1-UOCAVA-GENERAL-26,5f46b0dbd1e4c3a760a7109a56f6349ebcb1844871cdf7c79a0acba83fd4ba9a,2026-09-21T10:23:52+00:00,gloucester,2026,sample_ballot,cache/gloucester/2026/national-park-borough-district-1.pdf,200,application/pdf,106940,National Park Borough District 1
https://www.gloucestercountynj.gov/DocumentCenter/View/19547/National-Park-Borough-District-2-UOCAVA-GENERAL-26,3733f2f90791307da124f8e850327645ec76c38b4095358ca80f1c9d26e93aba,2026-09-21T10:23:53+00:00,gloucester,2026,sample_ballot,cache/gloucester/2026/national-park-borough-district-2.pdf,200,application/pdf,106937,National Park Borough District 2
https://www.gloucestercountynj.gov/DocumentCenter/View/19548/National-Park-Borough-District-3-UOCAVA-GENERAL-26,bb927d920b4a69623ea9b795eda3275f4c2836999b9dd646b8d8defaca9834b5,2026-09-21T10:23:54+00:00,gloucester,2026,sample_ballot,cache/gloucester/2026/national-park-borough-district-3.pdf,200,application/pdf,106961,National Park Borough District 3
https://www.gloucestercountynj.gov/DocumentCenter/View/19549/National-Park-Borough-District-4-UOCAVA-GENERAL-26,14f4a8a45fb661905b0bee49765a793d61dfe01503d8fc966914057396e2896d,2026-09-21T10:23:56+00:00,gloucester,2026,sample_ballot,cache/gloucester/2026/national-park-borough-district-4.pdf,200,application/pdf,106940,National Park Borough District 4
https://www.gloucestercountynj.gov/DocumentCenter/View/19550/Newfield-Borough-District-1-UOCAVA-GENERAL-26,b9973a05533113417c59287d745f801ae4772e83287e3bda21e60fada19cb96e,2026-09-21T10:23:57+00:00,gloucester,2026,sample_ballot,cache/gloucester/2026/newfield-borough-district-1.pdf,200,application/pdf,106511,Newfield Borough District 1
https://www.gloucestercountynj.gov/DocumentCenter/View/19551/Paulsboro-Borough-District-1-UOCAVA-GENERAL-26,903a85d30a72280c279e585afd48f3dd5c2a462d7eab69dcd2483f13befe4957,2026-09-21T10:23:58+00:00,gloucester,2026,sample_ballot,cache/gloucester/2026/paulsboro-borough-district-1.pdf,200,application/pdf,106179,Paulsboro Borough District 1
https://www.gloucestercountynj.gov/DocumentCenter/View/19552/Paulsboro-Borough-District-2-UOCAVA-GENERAL-26,072e4b412a3e76a265652438762a5228c2624af5a4ae0401d73fbcadad0c6077,2026-09-21T10:23:59+00:00,gloucester,2026,sample_ballot,cache/gloucester/2026/paulsboro-borough-district-2.pdf,200,application/pdf,106181,Paulsboro Borough District 2
https://www.gloucestercountynj.gov/DocumentCenter/View/19553/Paulsboro-Borough-District-3-UOCAVA-GENERAL-26,b4cf55029052c4003b13608a4767b7e20b4e9199292fcf4c8c684e00a941bc6f,2026-09-21T10:24:01+00:00,gloucester,2026,sample_ballot,cache/gloucester/2026/paulsboro-borough-district-3.pdf,200,application/pdf,106179,Paulsboro Borough District 3
https://www.gloucestercountynj.gov/DocumentCenter/View/19554/Paulsboro-Borough-District-4-UOCAVA-GENERAL-26,113b5f6cc2d9fa81a2955c82a4b6466f2a2da1fd3020158fefc8f50432d16626,2026-09-21T10:24:02+00:00,gloucester,2026,sample_ballot,cache/gloucester/2026/paulsboro-borough-district-4.pdf,200,application/pdf,106179,Paulsboro Borough District 4
https://www.gloucestercountynj.gov/DocumentCenter/View/19555/Paulsboro-Borough-District-5-UOCAVA-GENERAL-26,2e6b594f4d3d20c0a92da9a3e0137694e0b2a2987bbb422be113948a783c3d8b,2026-09-21T10:24:03+00:00,gloucester,2026,sample_ballot,cache/gloucester/2026/paulsboro-borough-district-5.pdf,200,application/pdf,106178,Paulsboro Borough District 5
https://www.gloucestercountynj.gov/DocumentCenter/View/19556/Pitman-Borough-District-1-UOCAVA-GENERAL-26,c14dc82c605e0da6cf04372293afeb9d13608fe5ec29da3a8110afd4ee2235d1,2026-09-21T10:24:04+00:00,gloucester,2026,sample_ballot,cache/gloucester/2026/pitman-borough-district-1.pdf,200,application/pdf,106155,Pitman Borough District 1
https://www.gloucestercountynj.gov/DocumentCenter/View/19557/Pitman-Borough-District-2-UOCAVA-GENERAL-26,d4ac35be25116de94cf87c4449568c09cbca2dbde629ba4175daa3802366872b,2026-09-21T10:24:05+00:00,gloucester,2026,sample_ballot,cache/gloucester/2026/pitman-borough-district-2.pdf,200,application/pdf,106167,Pitman Borough District 2
https://www.gloucestercountynj.gov/DocumentCenter/View/19558/Pitman-Borough-District-3-UOCAVA-GENERAL-26,e281ac2d622ca5061771019934dfec1fa2c688f46d8ddb334c8620330fc5af9d,2026-09-21T10:24:07+00:00,gloucester,2026,sample_ballot,cache/gloucester/2026/pitman-borough-district-3.pdf,200,application/pdf,106157,Pitman Borough District 3
https://www.gloucestercountynj.gov/DocumentCenter/View/19559/Pitman-Borough-District-4-UOCAVA-GENERAL-26,9f5c38aecbd5af26e5c24fecc9fe3e8853af984726d86fb0fa1d0dfbc22f83ed,2026-09-21T10:24:08+00:00,gloucester,2026,sample_ballot,cache/gloucester/2026/pitman-borough-district-4.pdf,200,application/pdf,106155,Pitman Borough District 4
https://www.gloucestercountynj.gov/DocumentCenter/View/19560/Pitman-Borough-District-5-UOCAVA-GENERAL-26,8be0b8044fed2ae50a56e286bba2e5cd4ecc83b6451755e7fd46f2f6ac1a41de,2026-09-21T10:24:09+00:00,gloucester,2026,sample_ballot,cache/gloucester/2026/pitman-borough-district-5.pdf,200,application/pdf,106156,Pitman Borough District 5
https://www.gloucestercountynj.gov/DocumentCenter/View/19561/Pitman-Borough-District-6-UOCAVA-GENERAL-26,d90bf4a5d811cc28937c02056fb6af9e238fb88795691515f4880cd8acdaef20,2026-09-21T10:24:10+00:00,gloucester,2026,sample_ballot,cache/gloucester/2026/pitman-borough-district-6.pdf,200,application/pdf,106155,Pitman Borough District 6
https://www.gloucestercountynj.gov/DocumentCenter/View/19562/Pitman-Borough-District-7-UOCAVA-GENERAL-26,c9b95869bd6277abf2d268f3fc52d7ef8b992dfdc755d61a33c7896937ecec32,2026-09-21T10:24:11+00:00,gloucester,2026,sample_ballot,cache/gloucester/2026/pitman-borough-district-7.pdf,200,application/pdf,106155,Pitman Borough District 7
https://www.gloucestercountynj.gov/DocumentCenter/View/19563/South-Harrison-Township-District-1-UOCAVA-GENERAL-26,14b2c381742c02d8921a2d378471efbe3d7f3bd541d2cc6fa23627a37b4ba3c8,2026-09-21T10:24:13+00:00,gloucester,2026,sample_ballot,cache/gloucester/2026/south-harrison-township-district-1.pdf,200,application/pdf,106531,South Harrison Township District 1
https://www.gloucestercountynj.gov/DocumentCenter/View/19564/South-Harrison-Township-District-2-UOCAVA-GENERAL-26,0d5361092b91d9de95bfb42eda62654fb63cfc19443f78b7f332a3289965bc51,2026-09-21T10:24:14+00:00,gloucester,2026,sample_ballot,cache/gloucester/2026/south-harrison-township-district-2.pdf,200,application/pdf,106530,South Harrison Township District 2
https://www.gloucestercountynj.gov/DocumentCenter/View/19565/South-Harrison-Township-District-3-UOCAVA-GENERAL-26,0fafa6d558d22384b84a9aa0962c40c3c0bf74727da63f5347117982c7b06e0e,2026-09-21T10:24:15+00:00,gloucester,2026,sample_ballot,cache/gloucester/2026/south-harrison-township-district-3.pdf,200,application/pdf,106528,South Harrison Township District 3
https://www.gloucestercountynj.gov/DocumentCenter/View/19566/Swedesboro-Borough-District-1-UOCAVA-GENERAL-26,d179ca782a691247ed94c3316c04c71c06887ff47e41d4d109369b62c16c679d,2026-09-21T10:24:16+00:00,gloucester,2026,sample_ballot,cache/gloucester/2026/swedesboro-borough-district-1.pdf,200,application/pdf,107372,Swedesboro Borough District 1
https://www.gloucestercountynj.gov/DocumentCenter/View/19567/Swedesboro-Borough-District-2-UOCAVA-GENERAL-26,63dd0942c7fc4fa21d6f51dfab77e41cdc3cad0038a5b1da1e4ae783946eca27,2026-09-21T10:24:17+00:00,gloucester,2026,sample_ballot,cache/gloucester/2026/swedesboro-borough-district-2.pdf,200,application/pdf,107379,Swedesboro Borough District 2
https://www.gloucestercountynj.gov/DocumentCenter/View/19568/Washington-Township-District-1-UOCAVA-GENERAL-26,af2e67a1ac14534a0e4b52a7a3b8aa1208db6a956619f944152945109818379c,2026-09-21T10:24:19+00:00,gloucester,2026,sample_ballot,cache/gloucester/2026/washington-township-district-1.pdf,200,application/pdf,108773,Washington Township District 1
https://www.gloucestercountynj.gov/DocumentCenter/View/19569/Washington-Township-District-2-UOCAVA-GENERAL-26,5b93f9aa5eb226d9f67a0d62baff369c941470ccf3b109affc2ec4bbc55c3636,2026-09-21T10:24:20+00:00,gloucester,2026,sample_ballot,cache/gloucester/2026/washington-township-district-2.pdf,200,application/pdf,108772,Washington Township District 2
https://www.gloucestercountynj.gov/DocumentCenter/View/19570/Washington-Township-District-3-UOCAVA-GENERAL-26,9b38a2b08b86f2241b10b3cbeb05c00bbe89e774a57d420e9583442f359615b6,2026-09-21T10:24:21+00:00,gloucester,2026,sample_ballot,cache/gloucester/2026/washington-township-district-3.pdf,200,application/pdf,108772,Washington Township District 3
https://www.gloucestercountynj.gov/DocumentCenter/View/19571/Washington-Township-District-4-UOCAVA-GENERAL-26,adb4ad97c92b3e30690b4bcb57cb489012125bfdb408c4d367390493200533a5,2026-09-21T10:24:22+00:00,gloucester,2026,sample_ballot,cache/gloucester/2026/washington-township-district-4.pdf,200,application/pdf,108797,Washington Township District 4
https://www.gloucestercountynj.gov/DocumentCenter/View/19572/Washington-Township-District-5-UOCAVA-GENERAL-26,9209feea4c601222fa8e0356fc3c296391d7292683c14b6dd33e5b74e4bf248a,2026-09-21T10:24:24+00:00,gloucester,2026,sample_ballot,cache/gloucester/2026/washington-township-district-5.pdf,200,application/pdf,108772,Washington Township District 5
https://www.gloucestercountynj.gov/DocumentCenter/View/19573/Washington-Township-District-6-UOCAVA-GENERAL-26,71568e0d3edc47ec3b1dd7d91e950b524fb5e6226dea6ea0aeb1777ac9d9fa92,2026-09-21T10:24:25+00:00,gloucester,2026,sample_ballot,cache/gloucester/2026/washington-township-district-6.pdf,200,application/pdf,108789,Washington Township District 6
https://www.gloucestercountynj.gov/DocumentCenter/View/19574/Washington-Township-District-7-UOCAVA-GENERAL-26,f62843eeed6e10f28bbbc15c3c3fc40f8f3d39482aa18ea57f13b2e668d993d2,2026-09-21T10:24:26+00:00,gloucester,2026,sample_ballot,cache/gloucester/2026/washington-township-district-7.pdf,200,application/pdf,108775,Washington Township District 7
https://www.gloucestercountynj.gov/DocumentCenter/View/19575/Washington-Township-District-8-UOCAVA-GENERAL-26,4064926125e76e8476fc11aec719ac9ad7a5e3ebd8151f2d6b925cf493868d71,2026-09-21T10:24:27+00:00,gloucester,2026,sample_ballot,cache/gloucester/2026/washington-township-district-8.pdf,200,application/pdf,108776,Washington Township District 8
https://www.gloucestercountynj.gov/DocumentCenter/View/19576/Washington-Township-District-9-UOCAVA-GENERAL-26,24ed236308167f2a04c2fe3ee18d636a39bdc707a5768ef8dc80f1084a21ddce,2026-09-21T10:24:28+00:00,gloucester,2026,sample_ballot,cache/gloucester/2026/washington-township-district-9.pdf,200,application/pdf,108774,Washington Township District 9
https://www.gloucestercountynj.gov/DocumentCenter/View/19577/Washington-Township-District-10-UOCAVA-GENERAL-26,a6827de058b15c637ed617256332fdafc231e14108bc48672b14cd31a624c612,2026-09-21T10:24:30+00:00,gloucester,2026,sample_ballot,cache/gloucester/2026/washington-township-district-10.pdf,200,application/pdf,108802,Washington Township District 10
https://www.gloucestercountynj.gov/DocumentCenter/View/19578/Washington-Township-District-11-UOCAVA-GENERAL-26,216e2c667f8f8f788806bf782ab30dff4d81f0d80bb7289466cd95637febda04,2026-09-21T10:24:31+00:00,gloucester,2026,sample_ballot,cache/gloucester/2026/washington-township-district-11.pdf,200,application/pdf,108783,Washington Township District 11
https://www.gloucestercountynj.gov/DocumentCenter/View/19579/Washington-Township-District-12-UOCAVA-GENERAL-26,3d4e1e9ca1defb122bb885364bb54a1e479e6c75177ebb3c08d0811b084f7529,2026-09-21T10:24:32+00:00,gloucester,2026,sample_ballot,cache/gloucester/2026/washington-township-district-12.pdf,200,application/pdf,108785,Washington Township District 12
https://www.gloucestercountynj.gov/DocumentCenter/View/19580/Washington-Township-District-13-UOCAVA-GENERAL-26,2e2e9ee8bfc0955bb4722f983456f4916c8b55cceb41cb5f0fd0ecc5b5bf011e,2026-09-21T10:24:33+00:00,gloucester,2026,sample_ballot,cache/gloucester/2026/washington-township-district-13.pdf,200,application/pdf,108783,Washington Township District 13
https://www.gloucestercountynj.gov/DocumentCenter/View/19581/Washington-Township-District-14-UOCAVA-GENERAL-26,99eba84246ec8098781234ce7b49e811b7a2412b72291743a8038ce9a104ed10,2026-09-21T10:24:35+00:00,gloucester,2026,sample_ballot,cache/gloucester/2026/washington-township-district-14.pdf,200,application/pdf,108783,Washington Township District 14
https://www.gloucestercountynj.gov/DocumentCenter/View/19582/Washington-Township-District-15-UOCAVA-GENERAL-26,9b40355a2fcb744829b3af1cbbc84d7801079ceb9ef47373074b85de8b5341e4,2026-09-21T10:24:36+00:00,gloucester,2026,sample_ballot,cache/gloucester/2026/washington-township-district-15.pdf,200,application/pdf,108783,Washington Township District 15
https://www.gloucestercountynj.gov/DocumentCenter/View/19583/Washington-Township-District-16-UOCAVA-GENERAL-26,f2ea53b8bc3afc2454968d71b2c74e38a98ea89de71a83987d46c845b79738f8,2026-09-21T10:24:37+00:00,gloucester,2026,sample_ballot,cache/gloucester/2026/washington-township-district-16.pdf,200,application/pdf,108784,Washington Township District 16
https://www.gloucestercountynj.gov/DocumentCenter/View/19584/Washington-Township-District-17-UOCAVA-GENERAL-26,30b8b530a8d24e976567255aacc00571d12f337c32a7cfa8888a634540271a0e,2026-09-21T10:24:38+00:00,gloucester,2026,sample_ballot,cache/gloucester/2026/washington-township-district-17.pdf,200,application/pdf,108785,Washington Township District 17
https://www.gloucestercountynj.gov/DocumentCenter/View/19585/Washington-Township-District-18-UOCAVA-GENERAL-26,87bd36674942f053f3ebf7c442ff209dd1b129bced482029d910c286b8d17b76,2026-09-21T10:24:39+00:00,gloucester,2026,sample_ballot,cache/gloucester/2026/washington-township-district-18.pdf,200,application/pdf,108781,Washington Township District 18
https://www.gloucestercountynj.gov/DocumentCenter/View/19586/Washington-Township-District-19-UOCAVA-GENERAL-26,000f8962b178e3067a7e7c0f1b109f1674feba935a76e33aa91aeb38ce287ba2,2026-09-21T10:24:41+00:00,gloucester,2026,sample_ballot,cache/gloucester/2026/washington-township-district-19.pdf,200,application/pdf,108785,Washington Township District 19
https://www.gloucestercountynj.gov/DocumentCenter/View/19587/Washington-Township-District-20-UOCAVA-GENERAL-26,471cce4d768a1f12397152e43f028aaee5ef493e7db2f503a21065e15fe6d61a,2026-09-21T10:24:42+00:00,gloucester,2026,sample_ballot,cache/gloucester/2026/washington-township-district-20.pdf,200,application/pdf,108786,Washington Township District 20
https://www.gloucestercountynj.gov/DocumentCenter/View/19588/Washington-Township-District-21-UOCAVA-GENERAL-26,c7328df9f1ee8cac8c7bf20826c25fd954c04d98c9a2de87eabb87b3e7db653c,2026-09-21T10:24:43+00:00,gloucester,2026,sample_ballot,cache/gloucester/2026/washington-township-district-21.pdf,200,application/pdf,108785,Washington Township District 21
https://www.gloucestercountynj.gov/DocumentCenter/View/19589/Washington-Township-District-22-UOCAVA-GENERAL-26,035ab10a0399e61b515eeee2d9b108fac2bc7cf36b309254c9be279b071cfea6,2026-09-21T10:24:44+00:00,gloucester,2026,sample_ballot,cache/gloucester/2026/washington-township-district-22.pdf,200,application/pdf,108783,Washington Township District 22
https://www.gloucestercountynj.gov/DocumentCenter/View/19590/Washington-Township-District-23-UOCAVA-GENERAL-26,a0aa97f75c0996c2130c880173db4970034655b59231f0810333c430337c4e4c,2026-09-21T10:24:45+00:00,gloucester,2026,sample_ballot,cache/gloucester/2026/washington-township-district-23.pdf,200,application/pdf,108783,Washington Township District 23
https://www.gloucestercountynj.gov/DocumentCenter/View/19591/Washington-Township-District-24-UOCAVA-GENERAL-26,4393ddf7781e4c5b2fd39ba18b7dd89adace872599176fbf9ad688ca35fd9dc6,2026-09-21T10:24:47+00:00,gloucester,2026,sample_ballot,cache/gloucester/2026/washington-township-district-24.pdf,200,application/pdf,108785,Washington Township District 24
https://www.gloucestercountynj.gov/DocumentCenter/View/19592/Washington-Township-District-25-UOCAVA-GENERAL-26,f705d4465f55dc080aee9f3b6d8b3fe7a4c5c55f8a463706ba6bd7948f2de745,2026-09-21T10:24:48+00:00,gloucester,2026,sample_ballot,cache/gloucester/2026/washington-township-district-25.pdf,200,application/pdf,108786,Washington Township District 25
https://www.gloucestercountynj.gov/DocumentCenter/View/19593/Washington-Township-District-26-UOCAVA-GENERAL-26,6c64f92b1d0454d9a7fdb1b84bdd4c5ac9f469a5163f33febeaedf2beb0a902f,2026-09-21T10:24:49+00:00,gloucester,2026,sample_ballot,cache/gloucester/2026/washington-township-district-26.pdf,200,application/pdf,108786,Washington Township District 26
https://www.gloucestercountynj.gov/DocumentCenter/View/19594/Washington-Township-District-27-UOCAVA-GENERAL-26,cd42b6ef5cc194fc443ef32a8d2246b2123e272c3997fe95ec63807827bd1767,2026-09-21T10:24:50+00:00,gloucester,2026,sample_ballot,cache/gloucester/2026/washington-township-district-27.pdf,200,application/pdf,108785,Washington Township District 27
https://www.gloucestercountynj.gov/DocumentCenter/View/19595/Washington-Township-District-28-UOCAVA-GENERAL-26,d4e3f7acf4e647a2fe2b03d89642c4fda137a3a0ef9926eb06e910fb1ecab77e,2026-09-21T10:24:51+00:00,gloucester,2026,sample_ballot,cache/gloucester/2026/washington-township-district-28.pdf,200,application/pdf,108785,Washington Township District 28
https://www.gloucestercountynj.gov/DocumentCenter/View/19596/Washington-Township-District-29-UOCAVA-GENERAL-26,2816da9e9fd48e95c9131d9d032672dd8ccb5a59f4591cb5838de0b114c5129f,2026-09-21T10:24:53+00:00,gloucester,2026,sample_ballot,cache/gloucester/2026/washington-township-district-29.pdf,200,application/pdf,108786,Washington Township District 29
https://www.gloucestercountynj.gov/DocumentCenter/View/19597/Washington-Township-District-30-UOCAVA-GENERAL-26,b66d2a7b3f5a1bf4d365637999466d857fbee41490e49665af3abb412c42ce01,2026-09-21T10:24:54+00:00,gloucester,2026,sample_ballot,cache/gloucester/2026/washington-township-district-30.pdf,200,application/pdf,108785,Washington Township District 30
https://www.gloucestercountynj.gov/DocumentCenter/View/19598/Washington-Township-District-31-UOCAVA-GENERAL-26,6ed52516798e052534e28a165d1e87a494139829288225fe0a1333818381083f,2026-09-21T10:24:55+00:00,gloucester,2026,sample_ballot,cache/gloucester/2026/washington-township-district-31.pdf,200,application/pdf,108784,Washington Township District 31
https://www.gloucestercountynj.gov/DocumentCenter/View/19599/Washington-Township-District-32-UOCAVA-GENERAL-26,824590efa88462ec8c5c9ba7e37f84aa4dba0dbea783cc7d305fe0e2f293bc93,2026-09-21T10:24:56+00:00,gloucester,2026,sample_ballot,cache/gloucester/2026/washington-township-district-32.pdf,200,application/pdf,108785,Washington Township District 32
https://www.gloucestercountynj.gov/DocumentCenter/View/19600/Washington-Township-District-33-UOCAVA-GENERAL-26,d1e7cfdf21f14a8944908e330cb7badc4d22bf4d769e73825da8938271b1d627,2026-09-21T10:24:58+00:00,gloucester,2026,sample_ballot,cache/gloucester/2026/washington-township-district-33.pdf,200,application/pdf,108785,Washington Township District 33
https://www.gloucestercountynj.gov/DocumentCenter/View/19601/Washington-Township-District-34-UOCAVA-GENERAL-26,ab4d8b096d256a2a1fde28ceb1cec8852392d7cc83dc808658100e3fd602abe5,2026-09-21T10:24:59+00:00,gloucester,2026,sample_ballot,cache/gloucester/2026/washington-township-district-34.pdf,200,application/pdf,108782,Washington Township District 34
https://www.gloucestercountynj.gov/DocumentCenter/View/19602/Washington-Township-District-35-UOCAVA-GENERAL-26,feb027476b294f205a999a44822675efba2da50a34682c9472db60242dadb114,2026-09-21T10:25:00+00:00,gloucester,2026,sample_ballot,cache/gloucester/2026/washington-township-district-35.pdf,200,application/pdf,108784,Washington Township District 35
https://www.gloucestercountynj.gov/DocumentCenter/View/19603/Washington-Township-District-36-UOCAVA-GENERAL-26,8918c8746d296b51c84145d9d9879629eb658e1e41e7233010d62e8c9197e6a0,2026-09-21T10:25:01+00:00,gloucester,2026,sample_ballot,cache/gloucester/2026/washington-township-district-36.pdf,200,application/pdf,108787,Washington Township District 36
https://www.gloucestercountynj.gov/DocumentCenter/View/19604/Washington-Township-District-37-UOCAVA-GENERAL-26,49a96fae659bdb83e899e093eb2e696689076500bf01d457f2bc1ce415cf6cfe,2026-09-21T10:25:02+00:00,gloucester,2026,sample_ballot,cache/gloucester/2026/washington-township-district-37.pdf,200,application/pdf,108811,Washington Township District 37
https://www.gloucestercountynj.gov/DocumentCenter/View/19605/Washington-Township-District-38-UOCAVA-GENERAL-26,75da38031fea4b64d40716589a70ba7b2ec72d253ecef1c3d93c99f526cac32b,2026-09-21T10:25:04+00:00,gloucester,2026,sample_ballot,cache/gloucester/2026/washington-township-district-38.pdf,200,application/pdf,108800,Washington Township District 38
https://www.gloucestercountynj.gov/DocumentCenter/View/19606/Washington-Township-District-39-UOCAVA-GENERAL-26,007e71337a7ff496b1cf337ea01c3d07deae7328f40658a79810a9309de2ba12,2026-09-21T10:25:05+00:00,gloucester,2026,sample_ballot,cache/gloucester/2026/washington-township-district-39.pdf,200,application/pdf,108805,Washington Township District 39
https://www.gloucestercountynj.gov/DocumentCenter/View/19607/Wenonah-Borough-District-1-UOCAVA-GENERAL-26,66b43885a60c16152af50442e01e47c1416deb4d9d43e60975238143977df380,2026-09-21T10:25:06+00:00,gloucester,2026,sample_ballot,cache/gloucester/2026/wenonah-borough-district-1.pdf,200,application/pdf,106073,Wenonah Borough District 1
https://www.gloucestercountynj.gov/DocumentCenter/View/19608/Wenonah-Borough-District-2-UOCAVA-GENERAL-26,8fabb6294cb4a5217468b77b31527931198694f9d08306b0eeb67359345e1929,2026-09-21T10:25:07+00:00,gloucester,2026,sample_ballot,cache/gloucester/2026/wenonah-borough-district-2.pdf,200,application/pdf,106069,Wenonah Borough District 2
https://www.gloucestercountynj.gov/DocumentCenter/View/19609/Wenonah-Borough-District-3-UOCAVA-GENERAL-26,33cdbd58e531b88377e6da36046d0774cfc39397be989e4f48291142fe1f57cd,2026-09-21T10:25:08+00:00,gloucester,2026,sample_ballot,cache/gloucester/2026/wenonah-borough-district-3.pdf,200,application/pdf,106070,Wenonah Borough District 3
https://www.gloucestercountynj.gov/DocumentCenter/View/19610/East-Greenwich-Township-District-4-UOCAVA-GENERAL-26,6c7310daaa3ddc88de934a6457c8bd90f86a7665f0192a9a190d8e53751a6059,2026-09-21T10:25:10+00:00,gloucester,2026,sample_ballot,cache/gloucester/2026/east-greenwich-township-district-4.pdf,200,application/pdf,106316,East Greenwich Township District 4
https://www.gloucestercountynj.gov/DocumentCenter/View/19611/East-Greenwich-Township-District-5-UOCAVA-GENERAL-26,01d24ffa41d388ffb9ee27b9b775f6fb88ca9fbe5d1772d74f3fd3bf715d3531,2026-09-21T10:25:11+00:00,gloucester,2026,sample_ballot,cache/gloucester/2026/east-greenwich-township-district-5.pdf,200,application/pdf,106316,East Greenwich Township District 5
https://www.gloucestercountynj.gov/DocumentCenter/View/19612/East-Greenwich-Township-District-6-UOCAVA-GENERAL-26,e1c0bc5252ccfd2334b493b9cbc8247afeb4dd99374b26f9546de9cfc415a65f,2026-09-21T10:25:12+00:00,gloucester,2026,sample_ballot,cache/gloucester/2026/east-greenwich-township-district-6.pdf,200,application/pdf,106301,East Greenwich Township District 6
https://www.gloucestercountynj.gov/DocumentCenter/View/19613/East-Greenwich-Township-District-7-UOCAVA-GENERAL-26,25e4e1dd3f7f2dabde0501149d830efecfd97ec1765c6ae4b557764d8c04c57f,2026-09-21T10:25:13+00:00,gloucester,2026,sample_ballot,cache/gloucester/2026/east-greenwich-township-district-7.pdf,200,application/pdf,106299,East Greenwich Township District 7
https://www.gloucestercountynj.gov/DocumentCenter/View/19614/East-Greenwich-Township-District-8-UOCAVA-GENERAL-26,8fb3684b0986460f512c4b1382e2729ff03c83e3de71cabec782dfa3ebfc6faa,2026-09-21T10:25:15+00:00,gloucester,2026,sample_ballot,cache/gloucester/2026/east-greenwich-township-district-8.pdf,200,application/pdf,106028,East Greenwich Township District 8
https://www.gloucestercountynj.gov/DocumentCenter/View/19615/East-Greenwich-Township-District-1-UOCAVA-GENERAL-26,ee1ff145d25e46bf1c30f8c31352d3c546d588d2f0b935f806e3aed9f9f0a9cb,2026-09-21T10:25:16+00:00,gloucester,2026,sample_ballot,cache/gloucester/2026/east-greenwich-township-district-1.pdf,200,application/pdf,106045,East Greenwich Township District 1
https://www.gloucestercountynj.gov/DocumentCenter/View/19616/East-Greenwich-Township-District-2-UOCAVA-GENERAL-26,5b6a07ece7789b78c0c1ede05fbebfb478e7a98bad6903e1a2369de55949e9f0,2026-09-21T10:25:17+00:00,gloucester,2026,sample_ballot,cache/gloucester/2026/east-greenwich-township-district-2.pdf,200,application/pdf,106045,East Greenwich Township District 2
https://www.gloucestercountynj.gov/DocumentCenter/View/19617/East-Greenwich-Township-District-3-UOCAVA-GENERAL-26,607339037379651ed38df61bfaa19be34d3cf7a59b50407f299e88c3b17898e4,2026-09-21T10:25:18+00:00,gloucester,2026,sample_ballot,cache/gloucester/2026/east-greenwich-township-district-3.pdf,200,application/pdf,106299,East Greenwich Township District 3
https://www.gloucestercountynj.gov/DocumentCenter/View/19618/Elk-Township-District-1-UOCAVA-GENERAL-26,4fffb6908d0af191fe86d5e3aa5ce51f04fd03a184efe4f3d86bd8449f81ef7e,2026-09-21T10:25:19+00:00,gloucester,2026,sample_ballot,cache/gloucester/2026/elk-township-district-1.pdf,200,application/pdf,106472,Elk Township District 1
https://www.gloucestercountynj.gov/DocumentCenter/View/19619/Elk-Township-District-2-UOCAVA-GENERAL-26,4bfaeaa81dc4d8b32af45b5b15e83e16571426b1663923f2307427ce56ccf6ed,2026-09-21T10:25:21+00:00,gloucester,2026,sample_ballot,cache/gloucester/2026/elk-township-district-2.pdf,200,application/pdf,106457,Elk Township District 2
https://www.gloucestercountynj.gov/DocumentCenter/View/19620/Elk-Township-District-3-UOCAVA-GENERAL-26,587793fdb7ffd9d39376a0b141ba7b57796a290190618d5c2bf2066f266ddf8b,2026-09-21T10:25:22+00:00,gloucester,2026,sample_ballot,cache/gloucester/2026/elk-township-district-3.pdf,200,application/pdf,106452,Elk Township District 3
https://www.gloucestercountynj.gov/DocumentCenter/View/19621/Elk-Township-District-4-UOCAVA-GENERAL-26,e9c21b3a29febd41c68af2a101fd716fd43b1d9f74df7aecd88991042c5a3baa,2026-09-21T10:25:23+00:00,gloucester,2026,sample_ballot,cache/gloucester/2026/elk-township-district-4.pdf,200,application/pdf,106457,Elk Township District 4
https://www.gloucestercountynj.gov/DocumentCenter/View/19622/Franklin-Township-District-1-UOCAVA-GENERAL-26,71a4309d159fa740b7691d18f9f2f5cdad7d596d2b34e407b60bf79c63208a2c,2026-09-21T10:25:24+00:00,gloucester,2026,sample_ballot,cache/gloucester/2026/franklin-township-district-1.pdf,200,application/pdf,108204,Franklin Township District 1
https://www.gloucestercountynj.gov/DocumentCenter/View/19623/Franklin-Township-District-2-UOCAVA-GENERAL-26,f590042c88ef9a6e7c6b677c1581c98d80666bd08dbb39501827be49585e8793,2026-09-21T10:25:25+00:00,gloucester,2026,sample_ballot,cache/gloucester/2026/franklin-township-district-2.pdf,200,application/pdf,108224,Franklin Township District 2
https://www.gloucestercountynj.gov/DocumentCenter/View/19624/Franklin-Township-District-3-UOCAVA-GENERAL-26,9a7637365a48cbd2b97de69cc0575545a9e13186ae6077cff5a09723a193edc6,2026-09-21T10:25:27+00:00,gloucester,2026,sample_ballot,cache/gloucester/2026/franklin-township-district-3.pdf,200,application/pdf,108209,Franklin Township District 3
https://www.gloucestercountynj.gov/DocumentCenter/View/19625/Franklin-Township-District-4-UOCAVA-GENERAL-26,118e35955a8c55c413462a03fdcd74f4466ad4562e1fa2fd4077fc2182636fe0,2026-09-21T10:25:28+00:00,gloucester,2026,sample_ballot,cache/gloucester/2026/franklin-township-district-4.pdf,200,application/pdf,108210,Franklin Township District 4
https://www.gloucestercountynj.gov/DocumentCenter/View/19626/Franklin-Township-District-5-UOCAVA-GENERAL-26,53939e82fdd58647f32be93c68bace8fb63dc1b188d200d154bae0ab6eb1c99d,2026-09-21T10:25:29+00:00,gloucester,2026,sample_ballot,cache/gloucester/2026/franklin-township-district-5.pdf,200,application/pdf,108208,Franklin Township District 5
https://www.gloucestercountynj.gov/DocumentCenter/View/19627/Franklin-Township-District-6-UOCAVA-GENERAL-26,0b8dca78bae86dfd18a17c77b5419687b33c4c1c5249d8643997f9e69819a1a5,2026-09-21T10:25:30+00:00,gloucester,2026,sample_ballot,cache/gloucester/2026/franklin-township-district-6.pdf,200,application/pdf,108209,Franklin Township District 6
https://www.gloucestercountynj.gov/DocumentCenter/View/19628/Franklin-Township-District-7-UOCAVA-GENERAL-26,f52ec51f42e6f709f73ae4ec2ad3fd1c15887e458878ad6b140c020aba11a9d6,2026-09-21T10:25:31+00:00,gloucester,2026,sample_ballot,cache/gloucester/2026/franklin-township-district-7.pdf,200,application/pdf,108208,Franklin Township District 7
https://www.gloucestercountynj.gov/DocumentCenter/View/19629/Franklin-Township-District-8-UOCAVA-GENERAL-26,dc397f0d91393c503ce42928418e611b80c7e96b54894549d593496864d04848,2026-09-21T10:25:33+00:00,gloucester,2026,sample_ballot,cache/gloucester/2026/franklin-township-district-8.pdf,200,application/pdf,108207,Franklin Township District 8
https://www.gloucestercountynj.gov/DocumentCenter/View/19630/Franklin-Township-District-9-UOCAVA-GENERAL-26,2a5529e965e8f71f5f3150301152ed807bffd41b1f55d7a06443cf9781a1a740,2026-09-21T10:25:34+00:00,gloucester,2026,sample_ballot,cache/gloucester/2026/franklin-township-district-9.pdf,200,application/pdf,108207,Franklin Township District 9
https://www.gloucestercountynj.gov/DocumentCenter/View/19631/Franklin-Township-District-10-UOCAVA-GENERAL-26,d83d2663e6b7a61e78f57f77ca578270d14cd5d9cd7c9f4f015a2eedd3276cc3,2026-09-21T10:25:35+00:00,gloucester,2026,sample_ballot,cache/gloucester/2026/franklin-township-district-10.pdf,200,application/pdf,108222,Franklin Township District 10
https://www.gloucestercountynj.gov/DocumentCenter/View/19632/Franklin-Township-District-11-UOCAVA-GENERAL-26,e764d5ac5e665e86ff9e9624e0f59c097031353a1b3ea201699bd18d12664fd1,2026-09-21T10:25:36+00:00,gloucester,2026,sample_ballot,cache/gloucester/2026/franklin-township-district-11.pdf,200,application/pdf,108221,Franklin Township District 11
https://www.gloucestercountynj.gov/DocumentCenter/View/19633/Glassboro-Borough-District-1-UOCAVA-GENERAL-26,768e5638c4276ff37463be338bd26833b2724747732f5e1eeec7e34afe723b72,2026-09-21T10:25:38+00:00,gloucester,2026,sample_ballot,cache/gloucester/2026/glassboro-borough-district-1.pdf,200,application/pdf,106727,Glassboro Borough District 1
https://www.gloucestercountynj.gov/DocumentCenter/View/19634/Glassboro-Borough-District-2-UOCAVA-GENERAL-26,ba5b09dcf8bcb2934edf3960c3665569232c9f913ff21c317aaa0e26c961a221,2026-09-21T10:25:39+00:00,gloucester,2026,sample_ballot,cache/gloucester/2026/glassboro-borough-district-2.pdf,200,application/pdf,106742,Glassboro Borough District 2
https://www.gloucestercountynj.gov/DocumentCenter/View/19635/Glassboro-Borough-District-3-UOCAVA-GENERAL-26,c4072b578232655a328c34ded4332846656ce0d13491dc66e49325932eb6d357,2026-09-21T10:25:40+00:00,gloucester,2026,sample_ballot,cache/gloucester/2026/glassboro-borough-district-3.pdf,200,application/pdf,106728,Glassboro Borough District 3
https://www.gloucestercountynj.gov/DocumentCenter/View/19636/Glassboro-Borough-District-4-UOCAVA-GENERAL-26,be316773fb83ec1f741e059ad53ef3afd562033cc3599d8e49d98797d9cccf52,2026-09-21T10:25:41+00:00,gloucester,2026,sample_ballot,cache/gloucester/2026/glassboro-borough-district-4.pdf,200,application/pdf,106729,Glassboro Borough District 4
https://www.gloucestercountynj.gov/DocumentCenter/View/19637/Glassboro-Borough-District-5-UOCAVA-GENERAL-26,e087ad3f65ee14005a97dea2902904c98087c183b6ab35e2a498c696145a1d94,2026-09-21T10:25:42+00:00,gloucester,2026,sample_ballot,cache/gloucester/2026/glassboro-borough-district-5.pdf,200,application/pdf,106741,Glassboro Borough District 5
https://www.gloucestercountynj.gov/DocumentCenter/View/19638/Glassboro-Borough-District-6-UOCAVA-GENERAL-26,15f91541732370611ad8a41819fc48140f26c16ce5e6a31f9af37c6bf863063b,2026-09-21T10:25:44+00:00,gloucester,2026,sample_ballot,cache/gloucester/2026/glassboro-borough-district-6.pdf,200,application/pdf,106742,Glassboro Borough District 6
https://www.gloucestercountynj.gov/DocumentCenter/View/19639/Glassboro-Borough-District-7-UOCAVA-GENERAL-26,97289ba75a263690d546989753faf34c298374cf0a7bf3da7a31c0ef58b46258,2026-09-21T10:25:45+00:00,gloucester,2026,sample_ballot,cache/gloucester/2026/glassboro-borough-district-7.pdf,200,application/pdf,106728,Glassboro Borough District 7
https://www.gloucestercountynj.gov/DocumentCenter/View/19640/Glassboro-Borough-District-8-UOCAVA-GENERAL-26,dc9f5bfa50a54537e82173485fe2988585a4089a0247147f047df06304dfb10f,2026-09-21T10:25:46+00:00,gloucester,2026,sample_ballot,cache/gloucester/2026/glassboro-borough-district-8.pdf,200,application/pdf,106743,Glassboro Borough District 8
https://www.gloucestercountynj.gov/DocumentCenter/View/19641/Glassboro-Borough-District-9-UOCAVA-GENERAL-26,dad0c16e6812d3eddafe834a7b6e8c9d1cc28710f8de7b590d0a1d16683e5d92,2026-09-21T10:25:47+00:00,gloucester,2026,sample_ballot,cache/gloucester/2026/glassboro-borough-district-9.pdf,200,application/pdf,106723,Glassboro Borough District 9
https://www.gloucestercountynj.gov/DocumentCenter/View/19642/Glassboro-Borough-District-10-UOCAVA-GENERAL-26,533fc072b907d89f90d20b4198f773f7826e17de070d3cf2e0879d5ea094788c,2026-09-21T10:25:48+00:00,gloucester,2026,sample_ballot,cache/gloucester/2026/glassboro-borough-district-10.pdf,200,application/pdf,106746,Glassboro Borough District 10
https://www.gloucestercountynj.gov/DocumentCenter/View/19643/Glassboro-Borough-District-11-UOCAVA-GENERAL-26,11b6d88be3279d73d4599e057dd9f9bfd0f53aa5314d4fa262ce944d27ea4204,2026-09-21T10:25:50+00:00,gloucester,2026,sample_ballot,cache/gloucester/2026/glassboro-borough-district-11.pdf,200,application/pdf,106745,Glassboro Borough District 11
https://www.gloucestercountynj.gov/DocumentCenter/View/19644/Glassboro-Borough-District-12-UOCAVA-GENERAL-26,079383e56901c4608ffb5d7bd29042ab88d5d99c6ef3a7b3c03a513f45155768,2026-09-21T10:25:51+00:00,gloucester,2026,sample_ballot,cache/gloucester/2026/glassboro-borough-district-12.pdf,200,application/pdf,106746,Glassboro Borough District 12
https://www.gloucestercountynj.gov/DocumentCenter/View/19645/Glassboro-Borough-District-13-UOCAVA-GENERAL-26,d3c5eb4492ebbe4d4fa2420591532a73b8c8ae7e41aaa6e8b599c75fa8008cd0,2026-09-21T10:25:52+00:00,gloucester,2026,sample_ballot,cache/gloucester/2026/glassboro-borough-district-13.pdf,200,application/pdf,106747,Glassboro Borough District 13
https://www.gloucestercountynj.gov/DocumentCenter/View/19646/Greenwich-Township-District-1-UOCAVA-GENERAL-26,aa02635c12974ca2604e89533fb5d32228c33310dac9d2cdc7267340fbfd1248,2026-09-21T10:25:53+00:00,gloucester,2026,sample_ballot,cache/gloucester/2026/greenwich-township-district-1.pdf,200,application/pdf,106515,Greenwich Township District 1
https://www.gloucestercountynj.gov/DocumentCenter/View/19647/Greenwich-Township-District-2-UOCAVA-GENERAL-26,830cce38da8c81315d544461ca04257e293b8f453e97bf2c65dc29f20bda95ba,2026-09-21T10:25:55+00:00,gloucester,2026,sample_ballot,cache/gloucester/2026/greenwich-township-district-2.pdf,200,application/pdf,106509,Greenwich Township District 2
https://www.gloucestercountynj.gov/DocumentCenter/View/19648/Greenwich-Township-District-3-UOCAVA-GENERAL-26,1245323eefad2e1199467ccb7e4375b02682624e556cadb24d6b25a117b51dde,2026-09-21T10:25:56+00:00,gloucester,2026,sample_ballot,cache/gloucester/2026/greenwich-township-district-3.pdf,200,application/pdf,106491,Greenwich Township District 3
https://www.gloucestercountynj.gov/DocumentCenter/View/19649/Greenwich-Township-District-4-UOCAVA-GENERAL-26,5e15304b8533203c2ce2ad04e43a1022f1c737cba733e15221756680ecdbf65b,2026-09-21T10:25:57+00:00,gloucester,2026,sample_ballot,cache/gloucester/2026/greenwich-township-district-4.pdf,200,application/pdf,106488,Greenwich Township District 4
https://www.gloucestercountynj.gov/DocumentCenter/View/19650/Greenwich-Township-District-5-UOCAVA-GENERAL-26,7f988fc3a0fc6ed4ea2657b7fe9abb7216c42fee1e5a09577918e92be66e3125,2026-09-21T10:25:58+00:00,gloucester,2026,sample_ballot,cache/gloucester/2026/greenwich-township-district-5.pdf,200,application/pdf,106488,Greenwich Township District 5
https://www.gloucestercountynj.gov/DocumentCenter/View/19651/Greenwich-Township-District-6-UOCAVA-GENERAL-26,077cebbe7e97fea6bab562628e1f250c9a439f8aa39303b82a5880d740d9a97d,2026-09-21T10:25:59+00:00,gloucester,2026,sample_ballot,cache/gloucester/2026/greenwich-township-district-6.pdf,200,application/pdf,106509,Greenwich Township District 6
https://www.gloucestercountynj.gov/DocumentCenter/View/19652/Harrison-Township-District-1-UOCAVA-GENERAL-26,76799688d6196160336e003dfa8a4bdaf023b1d378b9ff9350d2f93f27a4aacb,2026-09-21T10:26:01+00:00,gloucester,2026,sample_ballot,cache/gloucester/2026/harrison-township-district-1.pdf,200,application/pdf,107976,Harrison Township District 1
https://www.gloucestercountynj.gov/DocumentCenter/View/19653/Harrison-Township-District-2-UOCAVA-GENERAL-26,55edb920e4361ea657a8d9cfce9db2a3f7c90bd1275a224bd5fa1bd1fbd99344,2026-09-21T10:26:02+00:00,gloucester,2026,sample_ballot,cache/gloucester/2026/harrison-township-district-2.pdf,200,application/pdf,107974,Harrison Township District 2
https://www.gloucestercountynj.gov/DocumentCenter/View/19654/Harrison-Township-District-3-UOCAVA-GENERAL-26,7bb331d8ee81e4e482a7278839173135f9753a1cbdb2ad5937d9e453c2e2210d,2026-09-21T10:26:03+00:00,gloucester,2026,sample_ballot,cache/gloucester/2026/harrison-township-district-3.pdf,200,application/pdf,107975,Harrison Township District 3
https://www.gloucestercountynj.gov/DocumentCenter/View/19655/Harrison-Township-District-4-UOCAVA-GENERAL-26,f199a01362eaaac4c7a207e03c0cd4c67f61551726421d90403cc0016184ebdc,2026-09-21T10:26:04+00:00,gloucester,2026,sample_ballot,cache/gloucester/2026/harrison-township-district-4.pdf,200,application/pdf,107974,Harrison Township District 4
https://www.gloucestercountynj.gov/DocumentCenter/View/19656/Harrison-Township-District-5-UOCAVA-GENERAL-26,ae90183154c61971fbbd89aee744c3d4ee622f95a2736b7edd9388682333b35a,2026-09-21T10:26:05+00:00,gloucester,2026,sample_ballot,cache/gloucester/2026/harrison-township-district-5.pdf,200,application/pdf,107987,Harrison Township District 5
https://www.gloucestercountynj.gov/DocumentCenter/View/19657/Harrison-Township-District-6-UOCAVA-GENERAL-26,a64d164fcd88c6b5380e438b7c383e26d7e829fecbe166044aca479abd909204,2026-09-21T10:26:07+00:00,gloucester,2026,sample_ballot,cache/gloucester/2026/harrison-township-district-6.pdf,200,application/pdf,107995,Harrison Township District 6
https://www.gloucestercountynj.gov/DocumentCenter/View/19658/Harrison-Township-District-7-UOCAVA-GENERAL-26,c075bb57c9aaba4f84c84c084040aa1a474acfdeaf084760b4f86be12e17cc4e,2026-09-21T10:26:08+00:00,gloucester,2026,sample_ballot,cache/gloucester/2026/harrison-township-district-7.pdf,200,application/pdf,107944,Harrison Township District 7
https://www.gloucestercountynj.gov/DocumentCenter/View/19659/Harrison-Township-District-8-UOCAVA-GENERAL-26,65812469bdcd22196cce6a7083cb5606d5da57f45269d68172ac68533aabe3b9,2026-09-21T10:26:09+00:00,gloucester,2026,sample_ballot,cache/gloucester/2026/harrison-township-district-8.pdf,200,application/pdf,107976,Harrison Township District 8
https://www.gloucestercountynj.gov/DocumentCenter/View/19660/Harrison-Township-District-9-UOCAVA-GENERAL-26,32990971861a7d8bacfb6906b0f26da98826800bf1cf1bad1d780fdf91074916,2026-09-21T10:26:10+00:00,gloucester,2026,sample_ballot,cache/gloucester/2026/harrison-township-district-9.pdf,200,application/pdf,107974,Harrison Township District 9
https://www.gloucestercountynj.gov/DocumentCenter/View/19661/Logan-Township-District-1-UOCAVA-GENERAL-26,c32c4cc618c332acad4ece47fedfc68eb099bd427b2a224806c0862d6b09f0a0,2026-09-21T10:26:12+00:00,gloucester,2026,sample_ballot,cache/gloucester/2026/logan-township-district-1.pdf,200,application/pdf,106221,Logan Township District 1
https://www.gloucestercountynj.gov/DocumentCenter/View/19662/Logan-Township-District-2-UOCAVA-GENERAL-26,fad67a95201f75a72b73ebce0a07e16b3f78800a428608e653c9e2c36d1ab459,2026-09-21T10:26:13+00:00,gloucester,2026,sample_ballot,cache/gloucester/2026/logan-township-district-2.pdf,200,application/pdf,106221,Logan Township District 2
https://www.gloucestercountynj.gov/DocumentCenter/View/19663/Logan-Township-District-3-UOCAVA-GENERAL-26,4786155b74a4c28844a449e2e6e365cf7129774f164955f5e418e5122d5efb7f,2026-09-21T10:26:14+00:00,gloucester,2026,sample_ballot,cache/gloucester/2026/logan-township-district-3.pdf,200,application/pdf,106226,Logan Township District 3
https://www.gloucestercountynj.gov/DocumentCenter/View/19664/Logan-Township-District-4-UOCAVA-GENERAL-26,09c0b6ede28874f76ab8ae340a68b836c42246a21435703a71e1151111730f93,2026-09-21T10:26:15+00:00,gloucester,2026,sample_ballot,cache/gloucester/2026/logan-township-district-4.pdf,200,application/pdf,106241,Logan Township District 4
https://www.gloucestercountynj.gov/DocumentCenter/View/19665/Mantua-Township-District-1-UOCAVA-GENERAL-26,61fdd03f8b6ba575b0855528aa8a50ec09ce356c8cba7f31441f5a804b294328,2026-09-21T10:26:16+00:00,gloucester,2026,sample_ballot,cache/gloucester/2026/mantua-township-district-1.pdf,200,application/pdf,108425,Mantua Township District 1
https://www.gloucestercountynj.gov/DocumentCenter/View/19666/Mantua-Township-District-2-UOCAVA-GENERAL-26,743205d0e6fbdf64182d6de4668e3017bdb7ff8d1bb51ab299412ab89b4225ee,2026-09-21T10:26:18+00:00,gloucester,2026,sample_ballot,cache/gloucester/2026/mantua-township-district-2.pdf,200,application/pdf,108402,Mantua Township District 2
https://www.gloucestercountynj.gov/DocumentCenter/View/19667/Mantua-Township-District-3-UOCAVA-GENERAL-26,d1cf225635f9799037b6dad8a9e70a43e8d67fb43ae20f11089b2d7bdfc32012,2026-09-21T10:26:19+00:00,gloucester,2026,sample_ballot,cache/gloucester/2026/mantua-township-district-3.pdf,200,application/pdf,108422,Mantua Township District 3
https://www.gloucestercountynj.gov/DocumentCenter/View/19668/Mantua-Township-District-4-UOCAVA-GENERAL-26,34ce623ce584028c6cf0a2cfacc6adb108511f80708d5332e9b0a54995272c01,2026-09-21T10:26:20+00:00,gloucester,2026,sample_ballot,cache/gloucester/2026/mantua-township-district-4.pdf,200,application/pdf,108415,Mantua Township District 4
https://www.gloucestercountynj.gov/DocumentCenter/View/19669/Mantua-Township-District-5-UOCAVA-GENERAL-26,1bb150078f67f7cf977d78112ae082ceece05cbae1826afdcc322d81c1053172,2026-09-21T10:26:21+00:00,gloucester,2026,sample_ballot,cache/gloucester/2026/mantua-township-district-5.pdf,200,application/pdf,108404,Mantua Township District 5
https://www.gloucestercountynj.gov/DocumentCenter/View/19670/Mantua-Township-District-6-UOCAVA-GENERAL-26,daa20f947244f3dc9343faa01a03027705834ae03d5812e28742bbfc74cb73e7,2026-09-21T10:26:22+00:00,gloucester,2026,sample_ballot,cache/gloucester/2026/mantua-township-district-6.pdf,200,application/pdf,108401,Mantua Township District 6
https://www.gloucestercountynj.gov/DocumentCenter/View/19671/Mantua-Township-District-7-UOCAVA-GENERAL-26,4d3d3dd9007cf51ca5eed733f96c8f8a5c845ffe8462798509bee28c1ca2ac27,2026-09-21T10:26:24+00:00,gloucester,2026,sample_ballot,cache/gloucester/2026/mantua-township-district-7.pdf,200,application/pdf,108403,Mantua Township District 7
https://www.gloucestercountynj.gov/DocumentCenter/View/19672/Mantua-Township-District-8-UOCAVA-GENERAL-26,2e2bc94979768bdbf4ef0be2156a3aee055ed513a909b3d39ddfad5775e225fe,2026-09-21T10:26:25+00:00,gloucester,2026,sample_ballot,cache/gloucester/2026/mantua-township-district-8.pdf,200,application/pdf,108405,Mantua Township District 8
https://www.gloucestercountynj.gov/DocumentCenter/View/19673/Mantua-Township-District-9-UOCAVA-GENERAL-26,c89c22734bfd2d22d0a916a3b0994a3dea85a921288fda2bb482e3fede8bee4f,2026-09-21T10:26:26+00:00,gloucester,2026,sample_ballot,cache/gloucester/2026/mantua-township-district-9.pdf,200,application/pdf,108423,Mantua Township District 9
https://www.gloucestercountynj.gov/DocumentCenter/View/19674/Mantua-Township-District-10-UOCAVA-GENERAL-26,975cf61532623792299454c92c9968d13457f7f7ac3ae3df4ce207f4793f8c67,2026-09-21T10:26:27+00:00,gloucester,2026,sample_ballot,cache/gloucester/2026/mantua-township-district-10.pdf,200,application/pdf,108436,Mantua Township District 10
https://www.gloucestercountynj.gov/DocumentCenter/View/19675/Mantua-Township-District-11-UOCAVA-GENERAL-26,7bf69d2bb8a55072bedc9bded4a3c12cf87865affe4f375be6009c8497e911b4,2026-09-21T10:26:29+00:00,gloucester,2026,sample_ballot,cache/gloucester/2026/mantua-township-district-11.pdf,200,application/pdf,108416,Mantua Township District 11
https://www.gloucestercountynj.gov/DocumentCenter/View/19676/Mantua-Township-District-12-UOCAVA-GENERAL-26,6d61a343030e758d6a5a413bf0db2b233d30261fc8df3945b65900fc16a45e52,2026-09-21T10:26:30+00:00,gloucester,2026,sample_ballot,cache/gloucester/2026/mantua-township-district-12.pdf,200,application/pdf,108415,Mantua Township District 12
https://www.gloucestercountynj.gov/DocumentCenter/View/19677/Monroe-Township-Ward-1-District-7-UOCAVA-GENERAL-26,8442817fdf5034e9728788d12c8fc544c414e2959af874249967ce26e43f9d44,2026-09-21T10:26:31+00:00,gloucester,2026,sample_ballot,cache/gloucester/2026/monroe-township-ward-1-district-7.pdf,200,application/pdf,107819,Monroe Township Ward 1 District 7
https://www.gloucestercountynj.gov/DocumentCenter/View/19678/Monroe-Township-Ward-1-District-17-UOCAVA-GENERAL-26,514735a66168ef28525a8b0333b4136a65b2c5ae3544ef57eba530182f523acf,2026-09-21T10:27:02+00:00,gloucester,2026,sample_ballot,cache/gloucester/2026/monroe-township-ward-1-district-17.pdf,200,application/pdf,107836,Monroe Township Ward 1 District 17
https://www.gloucestercountynj.gov/DocumentCenter/View/19679/Monroe-Township-Ward-1-District-22-UOCAVA-GENERAL-26,60fba1bcb754bb9bec452965abe8405dca1d00311e5cd0df22a36224ec0bc792,2026-09-21T10:27:04+00:00,gloucester,2026,sample_ballot,cache/gloucester/2026/monroe-township-ward-1-district-22.pdf,200,application/pdf,107835,Monroe Township Ward 1 District 22
https://www.gloucestercountynj.gov/DocumentCenter/View/19680/Monroe-Township-Ward-1-District-23-UOCAVA-GENERAL-26,0568be0bcee38e75173d024bc322368edd8f5da2de5f045eb0fcb2681100c75c,2026-09-21T10:27:05+00:00,gloucester,2026,sample_ballot,cache/gloucester/2026/monroe-township-ward-1-district-23.pdf,200,application/pdf,107839,Monroe Township Ward 1 District 23
https://www.gloucestercountynj.gov/DocumentCenter/View/19681/Monroe-Township-Ward-1-District-24-UOCAVA-GENERAL-26,23c055cfc1420bb48810d07175e22d546693fecceaf4932e182df3299b0517cb,2026-09-21T10:27:06+00:00,gloucester,2026,sample_ballot,cache/gloucester/2026/monroe-township-ward-1-district-24.pdf,200,application/pdf,107837,Monroe Township Ward 1 District 24
https://www.gloucestercountynj.gov/DocumentCenter/View/19682/Monroe-Township-Ward-2-District-1-UOCAVA-GENERAL-26,e6c732cf81fd1e237ffdb354ddebc3ee3dc8d6a14105d6d02afe5806c0e66230,2026-09-21T10:27:08+00:00,gloucester,2026,sample_ballot,cache/gloucester/2026/monroe-township-ward-2-district-1.pdf,200,application/pdf,107816,Monroe Township Ward 2 District 1
https://www.gloucestercountynj.gov/DocumentCenter/View/19683/Monroe-Township-Ward-2-District-9-UOCAVA-GENERAL-26,c42d672b9ef295179656c787e124ee94dd734817bb232f1994418096ce3874ee,2026-09-21T10:27:09+00:00,gloucester,2026,sample_ballot,cache/gloucester/2026/monroe-township-ward-2-district-9.pdf,200,application/pdf,107831,Monroe Township Ward 2 District 9
https://www.gloucestercountynj.gov/DocumentCenter/View/19684/Monroe-Township-Ward-2-District-10-UOCAVA-GENERAL-26,046da93685a6cb18f443d0561b92cb22a81fe00917dabe24ca42ca4df0e26daa,2026-09-21T10:27:10+00:00,gloucester,2026,sample_ballot,cache/gloucester/2026/monroe-township-ward-2-district-10.pdf,200,application/pdf,107840,Monroe Township Ward 2 District 10
https://www.gloucestercountynj.gov/DocumentCenter/View/19685/Monroe-Township-Ward-2-District-13-UOCAVA-GENERAL-26,679369e2cfc0867cdee4a0dea6ad27a98f245100eac0b22f4a5cc4690dd70f36,2026-09-21T10:27:11+00:00,gloucester,2026,sample_ballot,cache/gloucester/2026/monroe-township-ward-2-district-13.pdf,200,application/pdf,107856,Monroe Township Ward 2 District 13
https://www.gloucestercountynj.gov/DocumentCenter/View/19686/Monroe-Township-Ward-2-District-14-UOCAVA-GENERAL-26,8f317d2cf2a333996d32281087b35881975e7ee3f8f6f721db9c311b6bbb3652,2026-09-21T10:27:12+00:00,gloucester,2026,sample_ballot,cache/gloucester/2026/monroe-township-ward-2-district-14.pdf,200,application/pdf,107837,Monroe Township Ward 2 District 14
https://www.gloucestercountynj.gov/DocumentCenter/View/19687/Monroe-Township-Ward-2-District-16-UOCAVA-GENERAL-26,ccf29ef1ae59d12fab3f35e8b4bc5bace120d6725d2b1e1344f9c50bc0ecd502,2026-09-21T10:27:14+00:00,gloucester,2026,sample_ballot,cache/gloucester/2026/monroe-township-ward-2-district-16.pdf,200,application/pdf,107839,Monroe Township Ward 2 District 16
https://www.gloucestercountynj.gov/DocumentCenter/View/19688/Monroe-Township-Ward-2-District-20-UOCAVA-GENERAL-26,7e939d5486a607cf45674cf0c0c760bd4214ba1f9b83b4c8cba827cb98d929ea,2026-09-21T10:27:15+00:00,gloucester,2026,sample_ballot,cache/gloucester/2026/monroe-township-ward-2-district-20.pdf,200,application/pdf,107857,Monroe Township Ward 2 District 20
https://www.gloucestercountynj.gov/DocumentCenter/View/19689/Monroe-Township-Ward-3-District-6-UOCAVA-GENERAL-26,7be81cccf8590854f596f088a4eba1df2471f3bdad5df133f6097ed4c3b32bd2,2026-09-21T10:27:16+00:00,gloucester,2026,sample_ballot,cache/gloucester/2026/monroe-township-ward-3-district-6.pdf,200,application/pdf,107816,Monroe Township Ward 3 District 6
https://www.gloucestercountynj.gov/DocumentCenter/View/19690/Monroe-Township-Ward-3-District-2-UOCAVA-GENERAL-26,80c69edbd1947ab98a6cdafbe98f925a8adddfd40f3321f7ad9a22b97a5d231e,2026-09-21T10:27:17+00:00,gloucester,2026,sample_ballot,cache/gloucester/2026/monroe-township-ward-3-district-2.pdf,200,application/pdf,107818,Monroe Township Ward 3 District 2
https://www.gloucestercountynj.gov/DocumentCenter/View/19691/Monroe-Township-Ward-3-District-12-UOCAVA-GENERAL-26,962e2d2b7c38cdf7ded7f8ccb51633175a0975cdf080f4582d3d83aa519392b4,2026-09-21T10:27:19+00:00,gloucester,2026,sample_ballot,cache/gloucester/2026/monroe-township-ward-3-district-12.pdf,200,application/pdf,107856,Monroe Township Ward 3 District 12
https://www.gloucestercountynj.gov/DocumentCenter/View/19692/Monroe-Township-Ward-3-District-18-UOCAVA-GENERAL-26,68fd42360ac4a168b81f0e6db06fea1aaf6907e810a8f15513f5fb3bb7b0e17a,2026-09-21T10:27:20+00:00,gloucester,2026,sample_ballot,cache/gloucester/2026/monroe-township-ward-3-district-18.pdf,200,application/pdf,107836,Monroe Township Ward 3 District 18
https://www.gloucestercountynj.gov/DocumentCenter/View/19693/Monroe-Township-Ward-3-District-19-UOCAVA-GENERAL-26,99a1fe1f25e25de67936703b42690238ccf9d6c8b06d44c0b2330cab79943a9f,2026-09-21T10:27:21+00:00,gloucester,2026,sample_ballot,cache/gloucester/2026/monroe-township-ward-3-district-19.pdf,200,application/pdf,107838,Monroe Township Ward 3 District 19
https://www.gloucestercountynj.gov/DocumentCenter/View/19694/Monroe-Township-Ward-3-District-26-UOCAVA-GENERAL-26,54442545d9a9b5a2173c5a343deba6923ace4948fb20fe63c2a448c24da6677b,2026-09-21T10:27:22+00:00,gloucester,2026,sample_ballot,cache/gloucester/2026/monroe-township-ward-3-district-26.pdf,200,application/pdf,107839,Monroe Township Ward 3 District 26
https://www.gloucestercountynj.gov/DocumentCenter/View/19695/Clayton-Borough-District-1-UOCAVA-GENERAL-26,47297c2b142fb1f784944aa5bf8fb0be19a24c7f9eb272be50b4aff5ad9548d0,2026-09-21T10:27:23+00:00,gloucester,2026,sample_ballot,cache/gloucester/2026/clayton-borough-district-1.pdf,200,application/pdf,106547,Clayton Borough District 1
https://www.gloucestercountynj.gov/DocumentCenter/View/19696/Clayton-Borough-District-2-UOCAVA-GENERAL-26,dff5a580a395d22b4848d1ac9d002431a582e86279dc8190d6ddac4fec3a8a1a,2026-09-21T10:27:25+00:00,gloucester,2026,sample_ballot,cache/gloucester/2026/clayton-borough-district-2.pdf,200,application/pdf,106426,Clayton Borough District 2
https://www.gloucestercountynj.gov/DocumentCenter/View/19697/Clayton-Borough-District-3-UOCAVA-GENERAL-26,805fcdaf57f2df5431f8a5fb7eb29464a5cd80f966a67f6722fb9155960788ae,2026-09-21T10:27:26+00:00,gloucester,2026,sample_ballot,cache/gloucester/2026/clayton-borough-district-3.pdf,200,application/pdf,106443,Clayton Borough District 3
https://www.gloucestercountynj.gov/DocumentCenter/View/19698/Clayton-Borough-District-4-UOCAVA-GENERAL-26,692187e3251adbd844a508152527a4f705a747b3ee3a12ca047699cc277bc541,2026-09-21T10:27:27+00:00,gloucester,2026,sample_ballot,cache/gloucester/2026/clayton-borough-district-4.pdf,200,application/pdf,106437,Clayton Borough District 4
https://www.gloucestercountynj.gov/DocumentCenter/View/19699/Clayton-Borough-District-5-UOCAVA-GENERAL-26,2b0efc980ca7f46d825dcd2c5610ded2003b267161fca7da90d47b660f003b77,2026-09-21T10:27:29+00:00,gloucester,2026,sample_ballot,cache/gloucester/2026/clayton-borough-district-5.pdf,200,application/pdf,106419,Clayton Borough District 5
https://www.gloucestercountynj.gov/DocumentCenter/View/19700/Clayton-Borough-District-6-UOCAVA-GENERAL-26,72698a35391efb37f0d787170d40fb4fb2c31c6592a3bd5c56ba432843381b43,2026-09-21T10:27:30+00:00,gloucester,2026,sample_ballot,cache/gloucester/2026/clayton-borough-district-6.pdf,200,application/pdf,106419,Clayton Borough District 6
https://www.gloucestercountynj.gov/DocumentCenter/View/19701/Deptford-Township-District-1-UOCAVA-GENERAL-26,b1dbdd8bc1d935c0a70b5174ca630623140aefb8e83b4ad0935299ab72681962,2026-09-21T10:27:31+00:00,gloucester,2026,sample_ballot,cache/gloucester/2026/deptford-township-district-1.pdf,200,application/pdf,105885,Deptford Township District 1
https://www.gloucestercountynj.gov/DocumentCenter/View/19702/Deptford-Township-District-2-UOCAVA-GENERAL-26,1b0c6e4ec6cce278ef7510546353185bc75e24b69793a1f2829a7fe3332a117b,2026-09-21T10:27:32+00:00,gloucester,2026,sample_ballot,cache/gloucester/2026/deptford-township-district-2.pdf,200,application/pdf,105875,Deptford Township District 2
https://www.gloucestercountynj.gov/DocumentCenter/View/19703/Deptford-Township-District-3-UOCAVA-GENERAL-26,c3d6b88388ec35741fb20c13909ff8c8e9f598039893c164f327825c78b92326,2026-09-21T10:27:33+00:00,gloucester,2026,sample_ballot,cache/gloucester/2026/deptford-township-district-3.pdf,200,application/pdf,105881,Deptford Township District 3
https://www.gloucestercountynj.gov/DocumentCenter/View/19704/Deptford-Township-District-4-UOCAVA-GENERAL-26,253828cdf5d05670c87c677be8f1da07353cc2140bc5d1940be5c51f53749d18,2026-09-21T10:27:35+00:00,gloucester,2026,sample_ballot,cache/gloucester/2026/deptford-township-district-4.pdf,200,application/pdf,105883,Deptford Township District 4
https://www.gloucestercountynj.gov/DocumentCenter/View/19705/Deptford-Township-District-5-UOCAVA-GENERAL-26,57a8fc4f5577436ecf7251f06aa9fb95951dd87437879258b0051493763250c3,2026-09-21T10:27:36+00:00,gloucester,2026,sample_ballot,cache/gloucester/2026/deptford-township-district-5.pdf,200,application/pdf,105879,Deptford Township District 5
https://www.gloucestercountynj.gov/DocumentCenter/View/19706/Deptford-Township-District-6-UOCAVA-GENERAL-26,7ff6ee270fdd1b606b0d8639464ab19b5bfc36f1db479032a186d60fb47236ae,2026-09-21T10:27:37+00:00,gloucester,2026,sample_ballot,cache/gloucester/2026/deptford-township-district-6.pdf,200,application/pdf,105866,Deptford Township District 6
https://www.gloucestercountynj.gov/DocumentCenter/View/19707/Deptford-Township-District-7-UOCAVA-GENERAL-26,9f9f0f8a12ab2ecf13c165b79f0db0f8bf34436a61d6837eebc61261dd12248a,2026-09-21T10:27:38+00:00,gloucester,2026,sample_ballot,cache/gloucester/2026/deptford-township-district-7.pdf,200,application/pdf,105880,Deptford Township District 7
https://www.gloucestercountynj.gov/DocumentCenter/View/19708/Deptford-Township-District-8-UOCAVA-GENERAL-26,afb2ce8c6ddcc211b5ec759b19ea7e5dde5f2606145822b97dec1408eac9cbcc,2026-09-21T10:27:39+00:00,gloucester,2026,sample_ballot,cache/gloucester/2026/deptford-township-district-8.pdf,200,application/pdf,105884,Deptford Township District 8
https://www.gloucestercountynj.gov/DocumentCenter/View/19709/Deptford-Township-District-9-UOCAVA-GENERAL-26,fdf950eb23e546552da23dffe6333c21ad6dde9a56c61a28a2d6e9f71cd65434,2026-09-21T10:27:41+00:00,gloucester,2026,sample_ballot,cache/gloucester/2026/deptford-township-district-9.pdf,200,application/pdf,105866,Deptford Township District 9
https://www.gloucestercountynj.gov/DocumentCenter/View/19710/Deptford-Township-District-10-UOCAVA-GENERAL-26,618fa84a67f50165b73c13a5bad27d58e3ae1ad0b1b0bae50dd8fd5c9496d5b6,2026-09-21T10:27:42+00:00,gloucester,2026,sample_ballot,cache/gloucester/2026/deptford-township-district-10.pdf,200,application/pdf,105900,Deptford Township District 10
https://www.gloucestercountynj.gov/DocumentCenter/View/19711/Deptford-Township-District-11-UOCAVA-GENERAL-26,862590542c316ccee0d1be8f5b372a829439c6b327efe484844ccc5e76d870cb,2026-09-21T10:27:43+00:00,gloucester,2026,sample_ballot,cache/gloucester/2026/deptford-township-district-11.pdf,200,application/pdf,105897,Deptford Township District 11
https://www.gloucestercountynj.gov/DocumentCenter/View/19712/Deptford-Township-District-12-UOCAVA-GENERAL-26,bde0e478c4dfaf8041a09131d7e323a9244199366cff9267162dab3d11fdf997,2026-09-21T10:27:44+00:00,gloucester,2026,sample_ballot,cache/gloucester/2026/deptford-township-district-12.pdf,200,application/pdf,105898,Deptford Township District 12
https://www.gloucestercountynj.gov/DocumentCenter/View/19713/Deptford-Township-District-13-UOCAVA-GENERAL-26,bd4cebd85904c9593beff724406ade27184ef06d97d67a921a4543c6927bac0e,2026-09-21T10:27:46+00:00,gloucester,2026,sample_ballot,cache/gloucester/2026/deptford-township-district-13.pdf,200,application/pdf,105880,Deptford Township District 13
https://www.gloucestercountynj.gov/DocumentCenter/View/19714/Deptford-Township-District-14-UOCAVA-GENERAL-26,ebca5e49d6a3e329b5ed9da79ff08d472525e7be53532c86008e7efa2d502168,2026-09-21T10:27:47+00:00,gloucester,2026,sample_ballot,cache/gloucester/2026/deptford-township-district-14.pdf,200,application/pdf,105884,Deptford Township District 14
https://www.gloucestercountynj.gov/DocumentCenter/View/19715/Deptford-Township-District-15-UOCAVA-GENERAL-26,c842609941b29b583c4d7f4700c40b74d6e003468ce3b7d9a5537bf410bfda98,2026-09-21T10:27:48+00:00,gloucester,2026,sample_ballot,cache/gloucester/2026/deptford-township-district-15.pdf,200,application/pdf,105889,Deptford Township District 15
https://www.gloucestercountynj.gov/DocumentCenter/View/19716/Deptford-Township-District-16-UOCAVA-GENERAL-26,d3e17c065ac19b5437c502b375aaf3122d718f266b13349084aa65aafb041c68,2026-09-21T10:27:49+00:00,gloucester,2026,sample_ballot,cache/gloucester/2026/deptford-township-district-16.pdf,200,application/pdf,105896,Deptford Township District 16
https://www.gloucestercountynj.gov/DocumentCenter/View/19717/Deptford-Township-District-17-UOCAVA-GENERAL-26,78d90188fdb814996630c4622891be03ce9d21d0d2da17ec8de2faf5aec3510c,2026-09-21T10:27:50+00:00,gloucester,2026,sample_ballot,cache/gloucester/2026/deptford-township-district-17.pdf,200,application/pdf,105909,Deptford Township District 17
https://www.gloucestercountynj.gov/DocumentCenter/View/19718/Deptford-Township-District-18-UOCAVA-GENERAL-26,4913038c4234e1ed82e4708ddfe721782d7fd52c3341b4ce41b72c31049bc929,2026-09-21T10:27:52+00:00,gloucester,2026,sample_ballot,cache/gloucester/2026/deptford-township-district-18.pdf,200,application/pdf,105897,Deptford Township District 18
https://www.gloucestercountynj.gov/DocumentCenter/View/19719/Deptford-Township-District-19-UOCAVA-GENERAL-26,2b5ce837b4aefed36437b8074984900c072ffb5ab80560f50842bdb5ed336f8c,2026-09-21T10:27:53+00:00,gloucester,2026,sample_ballot,cache/gloucester/2026/deptford-township-district-19.pdf,200,application/pdf,105880,Deptford Township District 19
https://www.gloucestercountynj.gov/DocumentCenter/View/19720/Deptford-Township-District-20-UOCAVA-GENERAL-26,83d07c973792e251f841bc15c9f931e45d2f0a651a42ffd6d002ed9a8d9aa7c5,2026-09-21T10:27:54+00:00,gloucester,2026,sample_ballot,cache/gloucester/2026/deptford-township-district-20.pdf,200,application/pdf,105897,Deptford Township District 20
https://www.gloucestercountynj.gov/DocumentCenter/View/19721/Deptford-Township-District-21-UOCAVA-GENERAL-26,3f88108fe0f636be21e189d84e9fca2c164594435ebf6852bc87ae245cd3d60a,2026-09-21T10:27:55+00:00,gloucester,2026,sample_ballot,cache/gloucester/2026/deptford-township-district-21.pdf,200,application/pdf,105899,Deptford Township District 21
https://www.gloucestercountynj.gov/DocumentCenter/View/19722/Deptford-Township-District-22-UOCAVA-GENERAL-26,e048f8b2098a247420fec5bc33b42b5c090bcd5524f5709b26451a09e1056ec1,2026-09-21T10:27:56+00:00,gloucester,2026,sample_ballot,cache/gloucester/2026/deptford-township-district-22.pdf,200,application/pdf,105882,Deptford Township District 22
https://web.archive.org/web/20230923004419id_/https://www.morriscountyclerk.org/files/sharedassets/clerk/v/4/elections/past-results/2021-general-school-candidates.pdf,567e4884a751c93aebba2852a933ec5af6899f94c436e3e9c58d163d87e61992,2026-09-21T12:00:36+00:00,morris,2021,candidate_list,cache/morris/2021/school-board-candidates.pdf,200,application/pdf,137615,via web.archive.org; original: https://www.morriscountyclerk.org/files/sharedassets/clerk/v/4/elections/past-results/2021-general-school-candidates.pdf
https://web.archive.org/web/20230923012636id_/https://www.morriscountyclerk.org/files/sharedassets/clerk/v/19/elections/past-results/2022-general-school-candidates.pdf,0295186ce25ffe4d725659bc817b6d6f284596e86a32050984df927f68e026d7,2026-09-21T12:00:39+00:00,morris,2022,candidate_list,cache/morris/2022/school-board-candidates.pdf,200,application/pdf,222378,via web.archive.org; original: https://www.morriscountyclerk.org/files/sharedassets/clerk/v/19/elections/past-results/2022-general-school-candidates.pdf
https://web.archive.org/web/20240221043227id_/https://www.morriscountyclerk.org/files/sharedassets/clerk/v/22/elections/past-results/2023-general-school-candidates.pdf,ecda8a38501daa9c52b153489f74153764fd40abc50112fa9aca0681ada55c15,2026-09-21T12:00:42+00:00,morris,2023,candidate_list,cache/morris/2023/school-board-candidates.pdf,200,application/pdf,345634,via web.archive.org; original: https://www.morriscountyclerk.org/files/sharedassets/clerk/v/22/elections/past-results/2023-general-school-candidates.pdf
https://web.archive.org/web/20250903213218id_/https://www.morriscountyclerk.org/files/sharedassets/clerk/v/16/elections/past-results/2024-general-school-candidates.pdf,0b7f84ea25e6fd63e680f9ddefd6968e2ef2c84cdce47177f7d0a95ddce8bf95,2026-09-21T12:00:44+00:00,morris,2024,candidate_list,cache/morris/2024/school-board-candidates.pdf,200,application/pdf,122970,via web.archive.org; original: https://www.morriscountyclerk.org/files/sharedassets/clerk/v/16/elections/past-results/2024-general-school-candidates.pdf
https://web.archive.org/web/20260709224018id_/https://www.morriscountyclerk.org/files/sharedassets/clerk/v/20/elections/past-results/2025-general-school-candidates.pdf,767e68d056570432d3462187fc5f6f4e84e040a5fdd75d24aeeaef89077b4625,2026-09-21T12:00:46+00:00,morris,2025,candidate_list,cache/morris/2025/school-board-candidates.pdf,200,application/pdf,127143,via web.archive.org; original: https://www.morriscountyclerk.org/files/sharedassets/clerk/v/20/elections/past-results/2025-general-school-candidates.pdf
https://web.archive.org/web/20260819210457id_/https://www.morriscountyclerk.org/files/sharedassets/clerk/v/13/elections/past-results/2026-general-school-candidates-081726.pdf,b9de365e407eee7a85f5414b235f65352b64fb6c2a46d953d5e023b310bd7336,2026-09-21T12:00:49+00:00,morris,2026,candidate_list,cache/morris/2026/school-board-candidates.pdf,200,application/pdf,473608,via web.archive.org; original: https://www.morriscountyclerk.org/files/sharedassets/clerk/v/13/elections/past-results/2026-general-school-candidates-081726.pdf
https://web.archive.org/web/20221104130109id_/https://www.capemaycountyvotes.com/wp-content/uploads/2022/10/22-Sample-General-CM-Web-Final.pdf,ba9266e2969f1a765b4ef6c9545b6aa05b8ed2450e769b71372b60b7aa891c16,2026-09-21T12:04:06+00:00,cape-may,2022,sample_ballot,cache/cape-may/2022/sample-ballots.pdf,200,application/pdf,8337105,via web.archive.org; original: https://www.capemaycountyvotes.com/wp-content/uploads/2022/10/22-Sample-General-CM-Web-Final.pdf
https://web.archive.org/web/20231101094436id_/https://www.capemaycountyvotes.com/wp-content/uploads/2023/10/23-Sample-General-CM_Sample-Proof-v2-FINAL.pdf,74159fc182482063e70059160b752c0dae63cc189e1e69095af425b4621f23ea,2026-09-21T12:04:12+00:00,cape-may,2023,sample_ballot,cache/cape-may/2023/sample-ballots.pdf,200,application/pdf,4817807,via web.archive.org; original: https://www.capemaycountyvotes.com/wp-content/uploads/2023/10/23-Sample-General-CM_Sample-Proof-v2-FINAL.pdf
